last_purchase_days,part_history,hist_customer_8,prod_type_b,hist_customer_5,prod_type_e,income,years_as_customer,hist_customer_3,prod_type_a,hist_customer_4,children,hist_customer_1,hist_customer_2,age
68.0,0.0,0.0,427.0,3.0,47.0,81185.0,3.5127346899662553,7.0,555.0,18.0,0.0,2.0,4.0,35
16.0,1.0,1.0,2.0,11.0,2.0,33079.0,4.8460954023696585,0.0,13.0,3.0,1.0,2.0,1.0,54
49.0,0.0,0.0,66.0,7.0,119.0,63538.0,3.468928177854439,7.0,1062.0,15.0,1.0,6.0,8.0,55
92.0,0.0,0.0,59.0,11.0,18.0,49011.0,2.502447004387496,0.0,122.0,6.0,0.0,3.0,6.0,48
73.0,2.0,1.0,173.0,8.0,119.0,81078.0,3.5264242250011977,5.0,2206.0,14.0,0.0,2.0,2.0,67
37.0,0.0,0.0,10.0,7.0,13.0,19553.0,2.335434676961197,0.0,3.0,6.0,0.0,5.0,2.0,45
49.0,0.0,0.0,7.0,10.0,29.0,21973.0,2.6338665407229445,0.0,3.0,5.0,0.0,3.0,1.0,40
46.0,0.0,0.0,166.0,1.0,97.0,75311.0,4.8241921463137505,5.0,965.0,9.0,0.0,2.0,4.0,62
10.0,0.0,0.0,134.0,7.0,239.0,80706.0,2.7214795649465766,4.0,851.0,20.0,1.0,5.0,8.0,44
92.0,0.0,0.0,42.0,8.0,45.0,30464.0,3.5483274810571057,1.0,72.0,8.0,0.0,3.0,4.0,62
65.0,0.0,0.0,512.0,3.0,218.0,91642.0,2.913133055435772,12.0,498.0,20.0,0.0,2.0,5.0,44
10.0,1.0,1.0,367.0,6.0,171.0,79475.0,3.4169079447216575,8.0,1317.0,11.0,0.0,2.0,7.0,38
47.0,0.0,0.0,224.0,8.0,27.0,74430.0,4.873474472439543,3.0,485.0,17.0,0.0,6.0,10.0,49
92.0,0.0,0.0,4.0,7.0,14.0,45680.0,5.122624010075498,0.0,51.0,5.0,1.0,3.0,2.0,67
79.0,0.0,0.0,478.0,4.0,448.0,83019.0,3.1540688720507606,8.0,955.0,6.0,0.0,2.0,6.0,55
84.0,0.0,0.0,63.0,11.0,328.0,59074.0,3.457976549826485,3.0,475.0,6.0,1.0,3.0,10.0,44
85.0,0.0,0.0,52.0,7.0,23.0,63264.0,5.054176334900785,3.0,931.0,14.0,1.0,9.0,10.0,47
83.0,0.0,0.0,11.0,10.0,4.0,35641.0,2.9678911955755423,0.0,27.0,5.0,0.0,2.0,1.0,44
35.0,0.0,0.0,4.0,10.0,4.0,32613.0,2.453164678261703,0.0,10.0,3.0,0.0,2.0,1.0,37
78.0,0.0,0.0,12.0,11.0,4.0,37826.0,4.876212379446532,0.0,42.0,5.0,0.0,3.0,4.0,49
0.0,0.0,0.0,353.0,1.0,184.0,77954.0,2.340910490975174,8.0,690.0,9.0,0.0,2.0,4.0,61
16.0,0.0,0.0,0.0,8.0,11.0,13165.0,2.319007234919266,0.0,0.0,3.0,0.0,2.0,1.0,45
28.0,0.0,0.0,10.0,6.0,9.0,37802.0,3.0883591038830365,0.0,35.0,5.0,1.0,2.0,1.0,69
75.0,0.0,0.0,6.0,13.0,2.0,26225.0,2.6941004948766913,0.0,22.0,3.0,0.0,2.0,2.0,49
40.0,1.0,1.0,249.0,13.0,155.0,78345.0,3.414170037714669,5.0,2131.0,8.0,0.0,2.0,8.0,29
71.0,0.0,0.0,54.0,4.0,25.0,68186.0,2.82552003121214,7.0,605.0,12.0,1.0,3.0,4.0,70
0.0,0.0,0.0,329.0,3.0,77.0,82445.0,5.065127962928739,9.0,538.0,8.0,0.0,2.0,5.0,62
98.0,0.0,0.0,1266.0,0.0,2.0,180829.0,5.108934475040555,29.0,32.0,0.0,1.0,23.0,0.0,47
75.0,0.0,0.0,51.0,10.0,133.0,36693.0,3.1020486389179793,1.0,53.0,9.0,0.0,2.0,7.0,48
41.0,1.0,1.0,203.0,4.0,137.0,81563.0,5.007631915781981,8.0,1016.0,11.0,0.0,2.0,7.0,55
78.0,3.0,1.0,344.0,1.0,49.0,96403.0,2.5051849113944846,9.0,1435.0,9.0,0.0,0.0,5.0,45
59.0,0.0,0.0,146.0,8.0,54.0,66140.0,2.7625481700514043,4.0,1176.0,20.0,0.0,3.0,11.0,77
24.0,0.0,0.0,14.0,10.0,0.0,43762.0,4.941922147614256,0.0,37.0,5.0,1.0,3.0,2.0,70
80.0,0.0,0.0,6.0,7.0,5.0,51816.0,2.357337933017105,0.0,59.0,5.0,0.0,2.0,2.0,41
28.0,2.0,1.0,238.0,8.0,103.0,86748.0,5.013107729795958,7.0,1280.0,15.0,0.0,3.0,2.0,31
36.0,0.0,0.0,4.0,8.0,0.0,32683.0,2.2943660718563694,0.0,6.0,3.0,0.0,2.0,1.0,53
97.0,1.0,1.0,10.0,8.0,58.0,64125.0,4.9610874966631755,1.0,218.0,5.0,1.0,3.0,5.0,56
42.0,0.0,0.0,280.0,7.0,194.0,74576.0,3.4059563166937035,4.0,1043.0,9.0,0.0,2.0,11.0,63
1.0,0.0,0.0,368.0,4.0,22.0,77040.0,3.5784444581339794,10.0,794.0,9.0,0.0,5.0,5.0,66
15.0,0.0,0.0,18.0,7.0,11.0,36556.0,5.056914241907774,0.0,26.0,6.0,0.0,5.0,4.0,37
12.0,0.0,0.0,7.0,8.0,22.0,47174.0,3.2772746873652436,0.0,22.0,5.0,0.0,3.0,2.0,51
58.0,0.0,0.0,8.0,10.0,13.0,38474.0,4.969301217684142,0.0,11.0,5.0,1.0,3.0,1.0,55
10.0,0.0,0.0,25.0,8.0,13.0,19151.0,4.977514938705107,1.0,8.0,5.0,0.0,5.0,2.0,41
93.0,0.0,0.0,20.0,4.0,32.0,51985.0,4.996680287754026,1.0,48.0,6.0,0.0,2.0,1.0,32
83.0,0.0,0.0,11.0,10.0,4.0,35641.0,2.9678911955755423,0.0,27.0,5.0,0.0,2.0,1.0,44
75.0,0.0,0.0,6.0,11.0,4.0,43538.0,3.241681896274393,0.0,35.0,5.0,1.0,3.0,1.0,58
58.0,0.0,0.0,10.0,3.0,16.0,32582.0,4.944660054621245,1.0,22.0,6.0,0.0,2.0,2.0,68
80.0,0.0,0.0,51.0,10.0,209.0,42723.0,3.5784444581339794,4.0,267.0,9.0,0.0,12.0,5.0,49
48.0,0.0,0.0,130.0,8.0,77.0,79934.0,3.403218409686715,5.0,1318.0,17.0,0.0,3.0,13.0,40
3.0,0.0,0.0,123.0,4.0,25.0,89265.0,4.988466566733061,4.0,832.0,17.0,1.0,3.0,7.0,50
46.0,0.0,0.0,14.0,7.0,115.0,49471.0,2.4394751432267605,3.0,56.0,3.0,1.0,2.0,2.0,46
74.0,0.0,0.0,119.0,3.0,119.0,75486.0,5.108934475040555,1.0,326.0,12.0,1.0,2.0,6.0,46
25.0,0.0,0.0,9.0,11.0,27.0,25799.0,3.1540688720507606,0.0,6.0,5.0,0.0,3.0,2.0,33
40.0,1.0,1.0,623.0,6.0,92.0,87199.0,3.4935693409173356,10.0,1651.0,14.0,0.0,0.0,6.0,44
34.0,0.0,0.0,86.0,7.0,211.0,70479.0,2.6886246808627146,1.0,570.0,12.0,1.0,3.0,8.0,54
9.0,0.0,0.0,4.0,10.0,5.0,51934.0,5.032273078844877,0.0,13.0,3.0,1.0,2.0,1.0,62
10.0,0.0,0.0,58.0,7.0,104.0,72448.0,2.5270881674503927,5.0,192.0,8.0,1.0,8.0,6.0,68
48.0,0.0,0.0,10.0,4.0,0.0,34843.0,4.892639821488463,1.0,10.0,5.0,0.0,2.0,1.0,35
66.0,0.0,0.0,614.0,3.0,95.0,99602.0,2.595535842625105,8.0,714.0,9.0,0.0,2.0,6.0,69
64.0,1.0,1.0,706.0,4.0,0.0,83155.0,3.0828832898690597,8.0,1536.0,12.0,0.0,2.0,6.0,44
51.0,0.0,0.0,51.0,11.0,126.0,65760.0,3.0609800338131516,1.0,742.0,11.0,1.0,12.0,11.0,54
35.0,0.0,0.0,439.0,4.0,178.0,90366.0,3.2991779434211517,8.0,1306.0,6.0,0.0,2.0,6.0,50
66.0,0.0,0.0,7.0,11.0,0.0,39468.0,5.144527266131406,0.0,6.0,3.0,0.0,2.0,1.0,34
8.0,0.0,0.0,6.0,10.0,9.0,35037.0,5.059652148914762,0.0,2.0,3.0,0.0,2.0,1.0,48
34.0,0.0,0.0,2.0,10.0,9.0,48579.0,2.32995886294722,0.0,77.0,5.0,1.0,3.0,2.0,61
55.0,0.0,0.0,54.0,10.0,158.0,67337.0,3.5373758530291517,3.0,589.0,9.0,1.0,9.0,10.0,52
49.0,0.0,0.0,16.0,8.0,38.0,25544.0,2.335434676961197,0.0,8.0,6.0,0.0,3.0,2.0,45
37.0,0.0,0.0,121.0,3.0,63.0,77456.0,2.27520072280745,8.0,1123.0,18.0,1.0,8.0,6.0,50
91.0,0.0,0.0,39.0,11.0,9.0,26712.0,5.259519360424923,0.0,85.0,6.0,0.0,6.0,4.0,36
60.0,1.0,1.0,287.0,3.0,31.0,94683.0,3.030863056736278,4.0,2098.0,15.0,0.0,2.0,5.0,34
88.0,0.0,0.0,316.0,1.0,22.0,98550.0,2.9377742184986686,8.0,1142.0,14.0,0.0,2.0,5.0,58
27.0,0.0,0.0,320.0,1.0,81.0,96852.0,5.182857964229245,5.0,694.0,15.0,0.0,2.0,4.0,32
76.0,0.0,0.0,30.0,4.0,32.0,62894.0,2.4230477011848293,1.0,178.0,8.0,1.0,5.0,4.0,49
68.0,1.0,1.0,118.0,1.0,119.0,88118.0,4.878950286453521,13.0,658.0,11.0,1.0,2.0,6.0,58
3.0,0.0,0.0,40.0,11.0,76.0,55697.0,3.477141898875405,1.0,515.0,9.0,1.0,8.0,8.0,47
22.0,0.0,0.0,7.0,4.0,7.0,65821.0,5.078817497963682,1.0,168.0,6.0,1.0,5.0,2.0,55
81.0,0.0,0.0,6.0,8.0,20.0,25248.0,2.5900600286111284,1.0,8.0,5.0,0.0,3.0,2.0,34
1.0,0.0,0.0,6.0,13.0,29.0,17015.0,3.5620170160920486,0.0,21.0,5.0,0.0,3.0,1.0,36
95.0,0.0,0.0,165.0,11.0,97.0,44284.0,2.6886246808627146,3.0,192.0,8.0,0.0,9.0,8.0,34
95.0,0.0,0.0,165.0,7.0,268.0,80386.0,2.8665886363169677,4.0,499.0,15.0,1.0,5.0,8.0,51
32.0,0.0,0.0,45.0,11.0,41.0,38472.0,2.924084683463726,0.0,122.0,6.0,0.0,3.0,5.0,35
10.0,2.0,1.0,215.0,6.0,76.0,79778.0,3.13764143000883,5.0,1595.0,9.0,0.0,2.0,12.0,71
6.0,0.0,0.0,2.0,8.0,14.0,34123.0,3.0801453828620713,0.0,14.0,5.0,1.0,2.0,0.0,55
70.0,0.0,0.0,266.0,10.0,29.0,89252.0,3.447024921798531,9.0,1992.0,6.0,1.0,3.0,5.0,68
64.0,0.0,0.0,80.0,8.0,236.0,73417.0,2.9706291025825307,4.0,1016.0,14.0,1.0,2.0,11.0,52
55.0,0.0,0.0,8.0,8.0,36.0,32798.0,2.822782124205151,1.0,18.0,3.0,1.0,2.0,1.0,60
35.0,0.0,0.0,91.0,4.0,32.0,90649.0,3.5702307371130138,13.0,773.0,20.0,0.0,2.0,6.0,56
4.0,0.0,0.0,24.0,8.0,225.0,53602.0,2.7296932859675422,1.0,461.0,9.0,0.0,2.0,7.0,62
79.0,1.0,1.0,48.0,7.0,54.0,65633.0,5.207499127292142,7.0,1510.0,20.0,1.0,3.0,8.0,59
68.0,1.0,1.0,5.0,28.0,23.0,6495.0,5.076079590956693,0.0,45.0,0.0,1.0,2.0,1.0,70
77.0,0.0,0.0,7.0,10.0,20.0,30009.0,2.778975612093335,0.0,18.0,5.0,0.0,2.0,1.0,30
89.0,0.0,0.0,22.0,10.0,38.0,45760.0,3.0363388707502548,1.0,136.0,6.0,1.0,3.0,4.0,49
57.0,0.0,0.0,35.0,8.0,45.0,47970.0,4.9473979616282335,1.0,123.0,6.0,1.0,8.0,4.0,56
89.0,1.0,1.0,280.0,1.0,180.0,94440.0,2.653031889771864,12.0,1174.0,20.0,0.0,2.0,4.0,58
65.0,0.0,0.0,98.0,8.0,25.0,44172.0,3.5702307371130138,3.0,245.0,14.0,0.0,3.0,6.0,46
38.0,1.0,1.0,113.0,11.0,41.0,37541.0,3.230730268246439,1.0,382.0,9.0,0.0,6.0,8.0,47
9.0,0.0,0.0,65.0,4.0,43.0,56119.0,2.4285235151988065,3.0,278.0,11.0,1.0,5.0,4.0,57
5.0,2.0,1.0,448.0,4.0,86.0,85105.0,5.122624010075498,8.0,1254.0,6.0,0.0,2.0,5.0,33
98.0,3.0,1.0,331.0,3.0,137.0,97642.0,2.5161365394224386,8.0,1595.0,18.0,0.0,2.0,6.0,48
65.0,0.0,0.0,191.0,3.0,95.0,81519.0,2.4887574693525534,5.0,651.0,6.0,0.0,2.0,6.0,49
6.0,0.0,0.0,17.0,11.0,194.0,27921.0,3.280012594372232,1.0,26.0,5.0,0.0,2.0,5.0,30
37.0,1.0,1.0,6.0,7.0,36.0,41239.0,4.892639821488463,1.0,24.0,3.0,1.0,3.0,1.0,47
94.0,0.0,0.0,30.0,10.0,74.0,39708.0,3.5702307371130138,3.0,109.0,5.0,0.0,3.0,2.0,44
7.0,0.0,0.0,4.0,4.0,41.0,36660.0,4.799550983250854,0.0,37.0,6.0,1.0,2.0,1.0,43
12.0,2.0,1.0,430.0,1.0,144.0,87144.0,2.768023984065381,8.0,1139.0,17.0,0.0,2.0,4.0,38
37.0,0.0,0.0,51.0,6.0,22.0,58957.0,2.4476888642477257,4.0,293.0,8.0,1.0,6.0,4.0,42
82.0,0.0,0.0,1.0,11.0,4.0,20341.0,3.2389439892674043,0.0,3.0,3.0,0.0,2.0,1.0,41
11.0,4.0,1.0,226.0,7.0,47.0,92154.0,5.150003080145383,9.0,1546.0,17.0,0.0,2.0,2.0,26
92.0,0.0,0.0,17.0,11.0,43.0,31283.0,3.6770091103855655,1.0,21.0,3.0,1.0,3.0,1.0,70
72.0,1.0,1.0,186.0,1.0,31.0,91694.0,4.783123541208923,4.0,915.0,9.0,0.0,2.0,5.0,51
76.0,0.0,0.0,103.0,13.0,5.0,33084.0,3.3101295714491057,1.0,66.0,6.0,0.0,5.0,5.0,43
2.0,0.0,0.0,18.0,11.0,5.0,44365.0,2.800878868149243,0.0,61.0,5.0,1.0,5.0,4.0,48
89.0,0.0,0.0,66.0,13.0,76.0,40153.0,2.9049193344148065,1.0,82.0,5.0,0.0,6.0,6.0,52
56.0,0.0,0.0,202.0,4.0,97.0,62167.0,2.8501611942750364,8.0,317.0,12.0,1.0,3.0,5.0,44
38.0,0.0,0.0,4.0,11.0,2.0,38618.0,3.252633524302347,0.0,18.0,3.0,0.0,2.0,1.0,51
54.0,0.0,0.0,10.0,8.0,0.0,43424.0,2.663983517799818,0.0,42.0,5.0,0.0,2.0,2.0,48
30.0,0.0,0.0,47.0,11.0,65.0,45910.0,3.151330965043772,0.0,46.0,6.0,0.0,3.0,4.0,37
61.0,0.0,0.0,124.0,10.0,97.0,70028.0,2.7844514261073123,4.0,970.0,12.0,1.0,8.0,12.0,54
44.0,0.0,0.0,20.0,11.0,5.0,35342.0,3.2608472453233124,1.0,248.0,6.0,0.0,6.0,5.0,40
20.0,3.0,1.0,551.0,11.0,79.0,93095.0,3.1130002669459333,7.0,1245.0,17.0,0.0,2.0,10.0,51
90.0,0.0,0.0,8.0,7.0,2.0,56004.0,2.8884918923728757,0.0,42.0,5.0,1.0,2.0,1.0,70
56.0,0.0,0.0,11.0,7.0,13.0,41313.0,5.048700520886808,0.0,13.0,5.0,1.0,2.0,1.0,51
88.0,0.0,0.0,9.0,8.0,4.0,16860.0,3.271798873351267,0.0,6.0,5.0,0.0,2.0,1.0,64
48.0,0.0,0.0,2.0,11.0,13.0,39785.0,2.9925323586384387,0.0,22.0,3.0,0.0,2.0,1.0,46
40.0,0.0,0.0,110.0,10.0,52.0,53744.0,3.392266781658761,1.0,176.0,8.0,1.0,3.0,7.0,66
92.0,0.0,0.0,133.0,10.0,104.0,56659.0,3.652367947322669,4.0,1022.0,18.0,0.0,5.0,8.0,49
78.0,0.0,0.0,12.0,11.0,4.0,37826.0,4.876212379446532,0.0,42.0,5.0,0.0,3.0,4.0,49
10.0,0.0,0.0,10.0,6.0,16.0,30878.0,4.977514938705107,1.0,50.0,6.0,1.0,6.0,2.0,49
5.0,1.0,1.0,178.0,11.0,76.0,57399.0,3.5893960861619334,7.0,832.0,11.0,1.0,6.0,12.0,71
22.0,0.0,0.0,7.0,4.0,4.0,63897.0,5.013107729795958,0.0,46.0,5.0,1.0,2.0,2.0,42
66.0,0.0,0.0,112.0,11.0,275.0,74008.0,3.6277267842597727,4.0,1675.0,18.0,0.0,3.0,5.0,35
24.0,0.0,0.0,311.0,3.0,135.0,82072.0,2.6311286337159556,7.0,363.0,11.0,0.0,2.0,5.0,61
13.0,0.0,0.0,6.0,7.0,4.0,58501.0,4.807764704271819,0.0,85.0,5.0,1.0,2.0,2.0,68
76.0,0.0,0.0,9.0,11.0,58.0,27158.0,3.3950046886657494,0.0,6.0,5.0,0.0,3.0,4.0,38
5.0,0.0,0.0,19.0,10.0,9.0,36717.0,5.035010985851866,0.0,53.0,6.0,0.0,3.0,4.0,31
87.0,0.0,0.0,44.0,13.0,22.0,53166.0,3.370363525602853,1.0,302.0,6.0,1.0,6.0,7.0,67
36.0,1.0,1.0,476.0,4.0,248.0,90191.0,3.4607144568334736,9.0,1555.0,15.0,0.0,5.0,4.0,72
4.0,0.0,0.0,80.0,11.0,50.0,56931.0,3.0993107319109905,3.0,966.0,12.0,1.0,14.0,12.0,49
51.0,0.0,0.0,212.0,1.0,95.0,72243.0,2.9158709624427606,5.0,637.0,9.0,0.0,2.0,4.0,66
52.0,0.0,0.0,2.0,8.0,27.0,17156.0,3.3402465485259794,0.0,5.0,5.0,1.0,2.0,1.0,57
37.0,0.0,0.0,1.0,10.0,11.0,20110.0,3.06371794082014,0.0,0.0,3.0,0.0,2.0,1.0,31
72.0,0.0,0.0,10.0,7.0,49.0,42547.0,3.186923756134623,1.0,69.0,6.0,1.0,8.0,2.0,52
23.0,0.0,0.0,2.0,7.0,2.0,42322.0,4.815978425292785,0.0,26.0,5.0,0.0,2.0,1.0,40
17.0,0.0,0.0,8.0,7.0,7.0,50690.0,4.807764704271819,0.0,38.0,5.0,1.0,3.0,2.0,51
93.0,2.0,1.0,364.0,6.0,167.0,82745.0,3.24715771028837,5.0,1050.0,12.0,0.0,3.0,10.0,34
91.0,0.0,0.0,6.0,11.0,7.0,10643.0,2.3053176998843234,1.0,14.0,3.0,0.0,2.0,1.0,31
37.0,0.0,0.0,4.0,10.0,13.0,52537.0,2.3546000260101168,0.0,8.0,3.0,0.0,2.0,1.0,49
70.0,1.0,1.0,454.0,3.0,261.0,91532.0,4.911805170537383,8.0,560.0,11.0,0.0,2.0,6.0,47
33.0,0.0,0.0,10.0,10.0,13.0,34928.0,3.290964222400186,0.0,24.0,5.0,1.0,5.0,2.0,49
0.0,0.0,0.0,49.0,6.0,7.0,71874.0,2.335434676961197,1.0,224.0,9.0,0.0,3.0,4.0,41
94.0,0.0,0.0,27.0,7.0,18.0,71653.0,5.1417893591244175,0.0,139.0,6.0,1.0,2.0,5.0,68
0.0,0.0,0.0,2.0,10.0,9.0,35101.0,2.7762377050863467,0.0,8.0,3.0,1.0,2.0,1.0,62
13.0,0.0,0.0,1380.0,1.0,2.0,180718.0,2.9487258465266226,36.0,2.0,0.0,0.0,0.0,0.0,43
5.0,0.0,0.0,10.0,8.0,36.0,34949.0,2.603749563646071,0.0,16.0,5.0,0.0,2.0,2.0,33
51.0,0.0,0.0,21.0,7.0,5.0,42728.0,3.1896616631416115,0.0,37.0,6.0,0.0,2.0,2.0,31
90.0,0.0,0.0,319.0,8.0,275.0,70030.0,3.4963072479243245,13.0,1621.0,6.0,1.0,5.0,11.0,56
8.0,0.0,0.0,48.0,11.0,27.0,39790.0,3.271798873351267,3.0,318.0,8.0,1.0,8.0,6.0,49
40.0,0.0,0.0,9.0,11.0,16.0,36172.0,2.7625481700514043,0.0,45.0,5.0,1.0,5.0,2.0,60
69.0,1.0,1.0,33.0,8.0,121.0,39185.0,2.7433828210024847,4.0,216.0,5.0,1.0,8.0,4.0,68
74.0,0.0,0.0,59.0,10.0,25.0,51914.0,2.6229149126949904,1.0,323.0,8.0,1.0,5.0,7.0,55
80.0,0.0,0.0,85.0,4.0,14.0,80110.0,4.909067263530394,4.0,1050.0,18.0,0.0,2.0,8.0,40
74.0,3.0,1.0,600.0,6.0,70.0,83838.0,2.4476888642477257,7.0,1707.0,12.0,0.0,2.0,8.0,35
54.0,0.0,0.0,2.0,4.0,13.0,60454.0,5.013107729795958,0.0,136.0,6.0,1.0,2.0,2.0,53
92.0,0.0,0.0,10.0,10.0,22.0,35445.0,2.822782124205151,0.0,5.0,5.0,0.0,2.0,1.0,51
23.0,0.0,0.0,22.0,8.0,27.0,0.0,2.748858635016462,1.0,563.0,11.0,1.0,5.0,7.0,59
40.0,0.0,0.0,83.0,4.0,31.0,65602.0,3.586658179154945,3.0,474.0,14.0,1.0,5.0,5.0,70
2.0,0.0,0.0,112.0,10.0,20.0,61372.0,2.6092253776600476,1.0,366.0,12.0,1.0,11.0,6.0,46
67.0,1.0,1.0,668.0,3.0,63.0,100026.0,2.4230477011848293,7.0,934.0,8.0,0.0,2.0,6.0,49
78.0,0.0,0.0,358.0,4.0,58.0,76664.0,3.5401137600361405,9.0,637.0,9.0,0.0,2.0,6.0,38
84.0,0.0,0.0,37.0,8.0,4.0,46268.0,2.4887574693525534,1.0,128.0,8.0,1.0,8.0,2.0,45
81.0,1.0,1.0,2.0,7.0,14.0,16584.0,5.1417893591244175,0.0,0.0,3.0,0.0,2.0,1.0,24
29.0,0.0,0.0,233.0,10.0,155.0,74786.0,3.0664558478271284,4.0,413.0,20.0,1.0,6.0,12.0,61
81.0,0.0,0.0,70.0,6.0,40.0,66729.0,2.3710274680520476,3.0,432.0,15.0,1.0,5.0,4.0,41
24.0,0.0,0.0,142.0,4.0,52.0,66651.0,2.64208026174391,8.0,464.0,12.0,1.0,11.0,5.0,61
13.0,0.0,0.0,22.0,6.0,31.0,62328.0,2.313531420905289,1.0,296.0,9.0,1.0,9.0,4.0,54
9.0,2.0,1.0,322.0,4.0,0.0,96794.0,2.674935145827772,8.0,2365.0,9.0,0.0,2.0,8.0,38
56.0,0.0,0.0,20.0,6.0,5.0,24443.0,5.215712848313107,1.0,46.0,6.0,0.0,6.0,2.0,46
74.0,0.0,0.0,75.0,13.0,216.0,42033.0,3.13764143000883,1.0,75.0,8.0,0.0,8.0,11.0,42
86.0,0.0,0.0,437.0,1.0,0.0,82186.0,5.013107729795958,5.0,659.0,15.0,0.0,2.0,5.0,46
79.0,0.0,0.0,359.0,1.0,29.0,88289.0,3.1212139879668985,3.0,826.0,17.0,0.0,2.0,2.0,66
58.0,1.0,1.0,200.0,3.0,131.0,84745.0,2.4257856081918177,3.0,1131.0,12.0,1.0,3.0,7.0,49
28.0,0.0,0.0,25.0,10.0,9.0,38212.0,5.21023703429913,0.0,35.0,5.0,0.0,2.0,2.0,40
9.0,0.0,0.0,6.0,10.0,31.0,28099.0,4.895377728495451,1.0,5.0,3.0,0.0,3.0,2.0,48
41.0,0.0,0.0,107.0,7.0,14.0,79675.0,4.821454239306762,4.0,1078.0,20.0,1.0,6.0,8.0,45
35.0,2.0,1.0,740.0,3.0,151.0,106898.0,2.64208026174391,9.0,1109.0,14.0,0.0,2.0,7.0,47
25.0,2.0,1.0,2.0,10.0,11.0,52917.0,4.99120447374005,0.0,61.0,5.0,1.0,2.0,1.0,65
55.0,1.0,1.0,106.0,8.0,34.0,74872.0,4.878950286453521,4.0,1264.0,20.0,1.0,5.0,10.0,45
12.0,0.0,0.0,217.0,7.0,25.0,77363.0,2.302579792877335,3.0,571.0,18.0,1.0,5.0,7.0,54
56.0,0.0,0.0,132.0,4.0,20.0,68324.0,4.974777031698118,3.0,144.0,12.0,0.0,2.0,5.0,69
81.0,0.0,0.0,6.0,10.0,16.0,39584.0,2.7762377050863467,0.0,5.0,3.0,0.0,2.0,1.0,46
59.0,0.0,0.0,20.0,11.0,23.0,35834.0,2.5654188655482315,0.0,26.0,5.0,0.0,3.0,2.0,45
86.0,0.0,0.0,9.0,7.0,5.0,43927.0,2.781713519100324,0.0,37.0,5.0,0.0,2.0,1.0,34
48.0,0.0,0.0,202.0,10.0,115.0,67016.0,2.8556370082890137,3.0,302.0,11.0,1.0,9.0,10.0,65
54.0,0.0,0.0,8.0,8.0,18.0,35837.0,5.152740987152371,0.0,3.0,5.0,0.0,2.0,1.0,47
77.0,0.0,0.0,18.0,10.0,7.0,40876.0,5.089769125991635,0.0,48.0,5.0,0.0,2.0,2.0,42
86.0,0.0,0.0,50.0,8.0,43.0,58664.0,2.9788428236034963,1.0,163.0,6.0,0.0,2.0,5.0,74
39.0,0.0,0.0,13.0,11.0,9.0,22228.0,2.3217451419262547,0.0,38.0,5.0,0.0,5.0,5.0,52
29.0,0.0,0.0,1.0,27.0,2.0,4626.0,4.796813076243866,0.0,8.0,0.0,1.0,23.0,0.0,57
13.0,0.0,0.0,430.0,4.0,248.0,94119.0,2.9678911955755423,12.0,1246.0,18.0,0.0,2.0,6.0,60
73.0,0.0,0.0,605.0,3.0,227.0,99028.0,2.976104916596508,9.0,638.0,15.0,0.0,2.0,6.0,58
69.0,0.0,0.0,54.0,8.0,128.0,56527.0,2.4339993292127833,1.0,330.0,12.0,1.0,9.0,5.0,60
33.0,0.0,0.0,2.0,8.0,2.0,31233.0,5.032273078844877,0.0,27.0,5.0,1.0,3.0,1.0,47
30.0,1.0,1.0,40.0,8.0,67.0,46679.0,2.5216123534364154,5.0,246.0,5.0,1.0,8.0,4.0,51
23.0,0.0,0.0,6.0,8.0,5.0,46056.0,2.4832816553385766,0.0,21.0,5.0,1.0,2.0,1.0,68
94.0,0.0,0.0,6.0,7.0,9.0,25676.0,2.6886246808627146,0.0,8.0,5.0,0.0,2.0,1.0,35
84.0,0.0,0.0,8.0,6.0,61.0,53856.0,2.8392095662470824,3.0,35.0,3.0,1.0,3.0,1.0,51
51.0,0.0,0.0,6.0,10.0,16.0,29691.0,3.477141898875405,1.0,8.0,3.0,0.0,2.0,0.0,49
16.0,0.0,0.0,78.0,8.0,25.0,71890.0,2.584584214597151,5.0,832.0,15.0,1.0,3.0,7.0,53
60.0,0.0,0.0,62.0,11.0,77.0,61632.0,3.674271203378577,3.0,558.0,9.0,1.0,12.0,8.0,67
43.0,0.0,0.0,74.0,11.0,94.0,45709.0,4.99120447374005,1.0,128.0,6.0,0.0,5.0,6.0,32
72.0,0.0,0.0,88.0,6.0,22.0,88982.0,4.917280984551359,4.0,787.0,15.0,1.0,6.0,7.0,64
82.0,0.0,0.0,624.0,7.0,320.0,79463.0,3.1458551510297954,10.0,2104.0,14.0,0.0,2.0,8.0,71
79.0,0.0,0.0,31.0,3.0,13.0,62305.0,5.215712848313107,3.0,216.0,8.0,1.0,2.0,2.0,53
5.0,1.0,1.0,1.0,8.0,27.0,21724.0,3.414170037714669,1.0,10.0,3.0,0.0,2.0,0.0,36
20.0,0.0,0.0,45.0,11.0,56.0,53940.0,3.4333353867635887,1.0,245.0,6.0,1.0,6.0,6.0,53
78.0,0.0,0.0,114.0,3.0,286.0,72888.0,3.5127346899662553,7.0,914.0,20.0,1.0,6.0,5.0,60
36.0,0.0,0.0,7.0,8.0,9.0,41056.0,3.0609800338131516,0.0,34.0,5.0,0.0,2.0,1.0,61
50.0,0.0,0.0,26.0,3.0,11.0,65834.0,2.6721972388207833,1.0,158.0,11.0,1.0,3.0,2.0,68
38.0,2.0,1.0,230.0,10.0,68.0,89732.0,3.5811823651409678,5.0,253.0,14.0,1.0,2.0,7.0,64
79.0,1.0,1.0,9.0,11.0,29.0,35749.0,2.93503631149168,1.0,26.0,3.0,1.0,3.0,1.0,41
32.0,0.0,0.0,6.0,7.0,23.0,11782.0,2.9049193344148065,3.0,6.0,3.0,0.0,5.0,1.0,49
5.0,0.0,0.0,3.0,8.0,45.0,8625.0,3.2854884083862093,1.0,10.0,5.0,1.0,6.0,2.0,42
67.0,0.0,0.0,15.0,11.0,11.0,32691.0,3.0555042197991744,0.0,29.0,5.0,0.0,3.0,2.0,37
28.0,0.0,0.0,109.0,4.0,81.0,63557.0,2.4695921203036337,5.0,258.0,9.0,1.0,6.0,4.0,63
94.0,0.0,0.0,5.0,7.0,16.0,28283.0,2.3326967699542087,0.0,2.0,5.0,0.0,2.0,1.0,41
99.0,0.0,0.0,5.0,7.0,7.0,48793.0,5.158216801166349,1.0,88.0,5.0,1.0,3.0,1.0,47
50.0,0.0,0.0,25.0,11.0,70.0,42470.0,2.8994435204008298,3.0,357.0,6.0,1.0,8.0,6.0,66
86.0,0.0,0.0,16.0,6.0,18.0,51052.0,2.6338665407229445,0.0,38.0,6.0,1.0,3.0,1.0,55
54.0,1.0,1.0,258.0,4.0,193.0,83530.0,2.852899101282025,10.0,624.0,9.0,0.0,2.0,7.0,65
77.0,0.0,0.0,22.0,10.0,18.0,46920.0,3.271798873351267,0.0,38.0,5.0,1.0,3.0,4.0,56
34.0,1.0,1.0,109.0,13.0,49.0,48324.0,3.608561435210853,1.0,629.0,9.0,0.0,8.0,12.0,39
71.0,0.0,0.0,54.0,4.0,25.0,68186.0,2.82552003121214,7.0,605.0,12.0,1.0,3.0,4.0,70
2.0,0.0,0.0,22.0,13.0,47.0,39345.0,3.5893960861619334,1.0,80.0,3.0,1.0,5.0,4.0,57
77.0,0.0,0.0,55.0,11.0,234.0,67054.0,3.241681896274393,8.0,1106.0,5.0,1.0,6.0,2.0,56
11.0,0.0,0.0,15.0,8.0,38.0,25381.0,2.5161365394224386,3.0,16.0,3.0,0.0,3.0,2.0,50
3.0,0.0,0.0,278.0,3.0,162.0,82872.0,2.77076189107237,3.0,288.0,18.0,1.0,3.0,6.0,41
9.0,0.0,0.0,2.0,1.0,5.0,130794.0,4.867998658425567,0.0,10.0,0.0,0.0,0.0,32.0,75
70.0,0.0,0.0,90.0,10.0,27.0,54455.0,2.998008172652416,1.0,275.0,8.0,1.0,6.0,7.0,69
4.0,0.0,0.0,55.0,10.0,5.0,57462.0,2.757072356037427,1.0,339.0,8.0,1.0,5.0,7.0,62
48.0,0.0,0.0,26.0,6.0,29.0,65034.0,4.9254947055723255,1.0,107.0,6.0,1.0,5.0,2.0,70
10.0,0.0,0.0,71.0,7.0,50.0,67755.0,3.047290498778209,1.0,242.0,9.0,1.0,8.0,5.0,51
90.0,0.0,0.0,314.0,1.0,0.0,85388.0,5.202023313278165,14.0,1088.0,6.0,0.0,2.0,2.0,62
46.0,0.0,0.0,31.0,10.0,67.0,38160.0,5.122624010075498,0.0,11.0,5.0,0.0,3.0,5.0,45
4.0,0.0,0.0,54.0,8.0,43.0,51983.0,5.048700520886808,1.0,56.0,5.0,0.0,2.0,4.0,38
86.0,0.0,0.0,20.0,10.0,13.0,28418.0,4.977514938705107,0.0,16.0,5.0,0.0,2.0,4.0,38
46.0,0.0,0.0,3.0,10.0,2.0,27210.0,2.3491242119961395,0.0,29.0,5.0,0.0,2.0,1.0,38
46.0,3.0,1.0,566.0,7.0,328.0,87123.0,2.4586404922756797,9.0,2230.0,14.0,0.0,2.0,11.0,51
62.0,0.0,0.0,128.0,7.0,63.0,65291.0,3.269060966344278,10.0,982.0,15.0,1.0,3.0,6.0,41
19.0,0.0,0.0,94.0,3.0,11.0,75089.0,2.297103978863358,4.0,584.0,20.0,0.0,2.0,4.0,40
47.0,0.0,0.0,14.0,8.0,29.0,27551.0,3.4497628288055195,0.0,3.0,5.0,0.0,2.0,2.0,45
9.0,0.0,0.0,62.0,7.0,76.0,57516.0,5.212974941306118,1.0,374.0,12.0,0.0,3.0,5.0,52
19.0,1.0,1.0,460.0,6.0,139.0,74185.0,2.647556075757887,4.0,1338.0,14.0,0.0,2.0,7.0,30
23.0,1.0,1.0,569.0,1.0,68.0,113594.0,5.1417893591244175,8.0,1600.0,14.0,0.0,0.0,5.0,60
92.0,0.0,0.0,11.0,11.0,9.0,44848.0,3.4333353867635887,0.0,54.0,5.0,1.0,5.0,2.0,66
84.0,0.0,0.0,15.0,7.0,36.0,30005.0,5.119886103068509,1.0,24.0,5.0,1.0,5.0,2.0,63
72.0,0.0,0.0,191.0,6.0,124.0,60663.0,3.1787100351136575,9.0,629.0,14.0,1.0,9.0,6.0,65
2.0,0.0,0.0,10.0,10.0,41.0,54210.0,5.095244940005613,1.0,74.0,3.0,1.0,3.0,2.0,68
1.0,1.0,1.0,163.0,8.0,25.0,76435.0,3.030863056736278,12.0,1920.0,18.0,1.0,5.0,13.0,65
51.0,0.0,0.0,212.0,1.0,95.0,72243.0,2.9158709624427606,5.0,637.0,9.0,0.0,2.0,4.0,66
57.0,0.0,0.0,18.0,10.0,94.0,31568.0,2.987056544624462,1.0,59.0,5.0,0.0,2.0,2.0,69
99.0,0.0,0.0,5.0,7.0,7.0,48793.0,5.158216801166349,1.0,88.0,5.0,1.0,3.0,1.0,47
56.0,0.0,0.0,80.0,6.0,49.0,71099.0,2.674935145827772,3.0,259.0,12.0,1.0,2.0,5.0,41
84.0,0.0,0.0,6.0,10.0,7.0,49613.0,5.139051452117429,0.0,8.0,3.0,1.0,2.0,1.0,51
83.0,0.0,0.0,6.0,8.0,14.0,51178.0,4.9829907527190835,0.0,50.0,5.0,1.0,3.0,2.0,48
98.0,1.0,1.0,606.0,4.0,36.0,84473.0,2.4504267712547145,7.0,1442.0,15.0,0.0,2.0,7.0,52
56.0,0.0,0.0,86.0,11.0,90.0,48316.0,3.6468921333086923,1.0,390.0,9.0,0.0,9.0,8.0,43
8.0,0.0,0.0,48.0,11.0,27.0,39790.0,3.271798873351267,3.0,318.0,8.0,1.0,8.0,6.0,49
49.0,0.0,0.0,6.0,7.0,11.0,58584.0,2.803616775156232,0.0,50.0,5.0,1.0,2.0,1.0,64
62.0,2.0,1.0,64.0,11.0,72.0,64344.0,3.630464691266761,8.0,1986.0,17.0,1.0,5.0,4.0,68
55.0,0.0,0.0,13.0,10.0,7.0,24926.0,4.829667960327727,0.0,6.0,5.0,0.0,5.0,5.0,44
97.0,0.0,0.0,8.0,11.0,13.0,43667.0,2.373765375059036,0.0,8.0,5.0,0.0,2.0,1.0,47
89.0,0.0,0.0,20.0,10.0,23.0,21377.0,3.269060966344278,1.0,10.0,5.0,0.0,3.0,2.0,51
7.0,0.0,0.0,61.0,7.0,128.0,61825.0,2.496971190373519,5.0,253.0,5.0,1.0,9.0,5.0,48
0.0,0.0,0.0,137.0,11.0,58.0,62618.0,3.5702307371130138,3.0,726.0,12.0,1.0,18.0,11.0,64
24.0,0.0,0.0,311.0,3.0,135.0,82072.0,2.6311286337159556,7.0,363.0,11.0,0.0,2.0,5.0,61
94.0,0.0,0.0,313.0,0.0,434.0,97833.0,5.002156101768003,5.0,790.0,15.0,0.0,2.0,4.0,43
82.0,0.0,0.0,2.0,11.0,13.0,29259.0,3.2991779434211517,0.0,2.0,5.0,0.0,2.0,1.0,31
37.0,1.0,1.0,6.0,7.0,36.0,41239.0,4.892639821488463,1.0,24.0,3.0,1.0,3.0,1.0,47
74.0,0.0,0.0,150.0,3.0,20.0,71063.0,2.5708946795622087,5.0,422.0,15.0,1.0,3.0,5.0,59
85.0,1.0,1.0,332.0,3.0,360.0,87493.0,4.881688193460509,7.0,467.0,6.0,0.0,2.0,5.0,58
89.0,0.0,0.0,13.0,11.0,5.0,32134.0,2.987056544624462,0.0,19.0,5.0,1.0,5.0,2.0,53
63.0,0.0,0.0,27.0,13.0,7.0,42295.0,3.6797470173925544,0.0,46.0,5.0,1.0,5.0,4.0,52
59.0,0.0,0.0,146.0,7.0,200.0,98547.0,2.9733670095895195,7.0,618.0,17.0,1.0,3.0,11.0,41
72.0,0.0,0.0,70.0,10.0,41.0,63432.0,3.696174459434485,3.0,469.0,8.0,1.0,6.0,8.0,50
9.0,1.0,1.0,7.0,8.0,13.0,42695.0,5.029535171837889,3.0,72.0,3.0,0.0,2.0,1.0,49
98.0,0.0,0.0,134.0,8.0,54.0,74279.0,3.488093526903359,5.0,1472.0,15.0,0.0,2.0,11.0,52
78.0,1.0,1.0,730.0,4.0,106.0,86156.0,3.0801453828620713,12.0,1555.0,9.0,0.0,2.0,6.0,51
24.0,0.0,0.0,14.0,13.0,7.0,24029.0,3.509996782959267,0.0,29.0,5.0,0.0,2.0,2.0,47
10.0,1.0,1.0,698.0,3.0,67.0,99393.0,2.38471700308699,5.0,742.0,11.0,0.0,0.0,8.0,59
94.0,0.0,0.0,14.0,4.0,11.0,71211.0,2.707790029911634,1.0,147.0,6.0,1.0,2.0,2.0,59
29.0,0.0,0.0,114.0,10.0,353.0,68381.0,3.2608472453233124,3.0,1158.0,18.0,1.0,3.0,11.0,70
65.0,0.0,0.0,9.0,8.0,7.0,40048.0,5.0404867998658425,0.0,6.0,3.0,0.0,2.0,1.0,25
8.0,0.0,0.0,192.0,6.0,103.0,80157.0,3.13764143000883,9.0,1062.0,15.0,1.0,3.0,8.0,69
18.0,0.0,0.0,59.0,1.0,443.0,75560.0,2.4914953763595418,13.0,446.0,15.0,0.0,2.0,2.0,48
32.0,0.0,0.0,110.0,7.0,95.0,37527.0,3.6879607384135196,5.0,101.0,12.0,0.0,3.0,5.0,57
14.0,0.0,0.0,17.0,11.0,22.0,39161.0,3.5811823651409678,0.0,101.0,5.0,1.0,2.0,4.0,52
38.0,0.0,0.0,144.0,11.0,126.0,37636.0,3.6167751562318187,4.0,267.0,8.0,0.0,3.0,8.0,55
87.0,0.0,0.0,15.0,10.0,41.0,27093.0,2.77076189107237,0.0,40.0,5.0,0.0,5.0,4.0,47
26.0,0.0,0.0,16.0,8.0,9.0,30643.0,5.160954708173337,0.0,18.0,6.0,0.0,3.0,2.0,36
97.0,0.0,0.0,283.0,6.0,110.0,90081.0,5.21023703429913,8.0,1210.0,11.0,1.0,3.0,12.0,62
56.0,0.0,0.0,404.0,3.0,81.0,78984.0,2.5106607254084614,12.0,1470.0,15.0,0.0,2.0,5.0,29
17.0,0.0,0.0,24.0,7.0,5.0,41665.0,2.4805437483315878,0.0,22.0,6.0,0.0,2.0,2.0,49
73.0,0.0,0.0,54.0,4.0,121.0,77632.0,5.267733081445889,1.0,144.0,9.0,1.0,2.0,5.0,40
60.0,0.0,0.0,73.0,6.0,13.0,72733.0,2.6393423547369212,4.0,949.0,18.0,1.0,2.0,7.0,53
23.0,0.0,0.0,8.0,7.0,41.0,30460.0,2.891229799379864,1.0,3.0,5.0,0.0,5.0,2.0,42
50.0,0.0,0.0,41.0,8.0,41.0,50187.0,2.9678911955755423,1.0,91.0,6.0,1.0,5.0,2.0,51
80.0,0.0,0.0,14.0,10.0,23.0,27497.0,3.4552386428194968,0.0,26.0,5.0,0.0,2.0,2.0,51
50.0,0.0,0.0,18.0,11.0,7.0,19466.0,3.162282593071726,0.0,32.0,6.0,1.0,8.0,4.0,44
30.0,0.0,0.0,298.0,1.0,79.0,81837.0,5.087031218984647,10.0,453.0,18.0,0.0,2.0,4.0,25
34.0,0.0,0.0,7.0,11.0,22.0,29675.0,2.606487470653059,0.0,13.0,5.0,0.0,3.0,2.0,42
48.0,1.0,1.0,94.0,8.0,38.0,72843.0,3.4826177128893816,4.0,1469.0,8.0,1.0,5.0,10.0,59
3.0,1.0,1.0,36.0,11.0,61.0,72272.0,3.5236863179942093,5.0,1758.0,15.0,1.0,17.0,4.0,71
53.0,0.0,0.0,20.0,10.0,23.0,41765.0,2.885753985365887,0.0,139.0,6.0,1.0,3.0,4.0,55
54.0,0.0,0.0,72.0,4.0,225.0,61148.0,2.929560497477703,4.0,194.0,12.0,1.0,5.0,2.0,42
28.0,1.0,1.0,446.0,3.0,142.0,94957.0,5.021321450816923,7.0,1378.0,20.0,0.0,0.0,7.0,58
29.0,1.0,1.0,58.0,10.0,113.0,74693.0,3.6605816683436347,3.0,1310.0,15.0,1.0,3.0,13.0,69
57.0,1.0,1.0,276.0,1.0,344.0,96421.0,2.913133055435772,5.0,1442.0,17.0,0.0,2.0,5.0,68
95.0,0.0,0.0,2.0,7.0,18.0,21506.0,2.8501611942750364,0.0,19.0,6.0,1.0,6.0,2.0,56
2.0,0.0,0.0,100.0,7.0,38.0,86567.0,3.5346379460221633,5.0,976.0,14.0,0.0,2.0,11.0,55
46.0,0.0,0.0,7.0,10.0,11.0,25424.0,4.922756798565337,0.0,8.0,5.0,1.0,3.0,2.0,43
82.0,0.0,0.0,12.0,8.0,13.0,41444.0,2.8611128223029905,0.0,37.0,5.0,0.0,3.0,4.0,39
30.0,1.0,1.0,609.0,3.0,200.0,91894.0,3.0144356146943467,8.0,891.0,11.0,0.0,2.0,6.0,38
73.0,1.0,1.0,371.0,4.0,29.0,85833.0,2.896705613393841,12.0,1536.0,14.0,0.0,2.0,7.0,66
24.0,0.0,0.0,4.0,10.0,2.0,16152.0,5.202023313278165,0.0,18.0,5.0,0.0,2.0,1.0,51
98.0,0.0,0.0,47.0,13.0,52.0,54079.0,2.5763704935761855,1.0,813.0,9.0,1.0,8.0,13.0,42
98.0,0.0,0.0,520.0,10.0,184.0,95764.0,3.5401137600361405,8.0,693.0,14.0,1.0,15.0,5.0,50
97.0,1.0,1.0,56.0,6.0,31.0,72915.0,4.84335749536267,4.0,1174.0,6.0,1.0,3.0,7.0,56
81.0,0.0,0.0,127.0,6.0,29.0,71153.0,2.324483048933243,5.0,528.0,14.0,1.0,6.0,5.0,50
45.0,0.0,0.0,60.0,11.0,86.0,58334.0,3.1540688720507606,1.0,709.0,12.0,1.0,6.0,10.0,67
46.0,0.0,0.0,234.0,4.0,142.0,88893.0,2.4367372362197717,8.0,680.0,17.0,1.0,2.0,7.0,41
45.0,0.0,0.0,565.0,3.0,110.0,72274.0,3.2334681752534276,8.0,834.0,6.0,0.0,2.0,4.0,75
8.0,1.0,1.0,474.0,4.0,99.0,83913.0,2.3162693279122775,7.0,1747.0,12.0,0.0,2.0,6.0,57
14.0,0.0,0.0,137.0,3.0,56.0,86612.0,4.985728659726073,5.0,734.0,18.0,1.0,3.0,6.0,66
71.0,0.0,0.0,14.0,11.0,0.0,26712.0,5.202023313278165,0.0,21.0,5.0,0.0,3.0,2.0,51
33.0,1.0,1.0,48.0,10.0,22.0,51960.0,3.219778640218485,1.0,350.0,11.0,0.0,2.0,5.0,58
52.0,0.0,0.0,55.0,7.0,68.0,53683.0,2.5051849113944846,8.0,430.0,6.0,1.0,3.0,5.0,72
87.0,1.0,1.0,68.0,11.0,52.0,58610.0,3.1349035230018414,5.0,870.0,8.0,1.0,5.0,12.0,64
56.0,0.0,0.0,299.0,4.0,144.0,86833.0,4.9391842406072675,8.0,1134.0,9.0,0.0,2.0,10.0,41
75.0,0.0,0.0,6.0,13.0,2.0,26225.0,2.6941004948766913,0.0,22.0,3.0,0.0,2.0,2.0,49
75.0,0.0,0.0,16.0,10.0,36.0,35226.0,2.746120728009473,1.0,24.0,3.0,0.0,2.0,4.0,46
65.0,0.0,0.0,13.0,11.0,5.0,42648.0,4.7885993552229,0.0,62.0,5.0,1.0,6.0,4.0,45
73.0,3.0,1.0,482.0,3.0,130.0,97696.0,2.852899101282025,13.0,267.0,6.0,0.0,2.0,4.0,67
6.0,1.0,1.0,304.0,3.0,77.0,91796.0,5.0267972648309,12.0,1336.0,11.0,1.0,2.0,7.0,61
79.0,0.0,0.0,164.0,4.0,148.0,86427.0,3.597609807182899,4.0,869.0,9.0,1.0,2.0,7.0,62
78.0,0.0,0.0,5.0,11.0,29.0,33026.0,2.7433828210024847,0.0,19.0,5.0,0.0,3.0,2.0,38
35.0,0.0,0.0,6.0,8.0,2.0,35534.0,3.4908314339103472,0.0,38.0,5.0,0.0,3.0,1.0,46
73.0,0.0,0.0,198.0,7.0,74.0,55476.0,3.4169079447216575,4.0,622.0,20.0,0.0,5.0,7.0,51
97.0,0.0,0.0,70.0,4.0,22.0,52887.0,3.466190270847451,3.0,221.0,11.0,1.0,6.0,4.0,56
53.0,0.0,0.0,34.0,11.0,68.0,49182.0,2.9158709624427606,1.0,32.0,3.0,0.0,2.0,4.0,49
12.0,0.0,0.0,66.0,4.0,7.0,75863.0,4.911805170537383,5.0,602.0,11.0,1.0,3.0,6.0,50
70.0,1.0,1.0,354.0,1.0,52.0,89053.0,2.3710274680520476,7.0,896.0,20.0,0.0,2.0,5.0,57
40.0,0.0,0.0,6.0,11.0,2.0,26191.0,2.8090925891702088,0.0,8.0,3.0,0.0,2.0,1.0,42
86.0,0.0,0.0,24.0,8.0,27.0,41130.0,2.32995886294722,0.0,35.0,6.0,0.0,3.0,2.0,30
92.0,0.0,0.0,42.0,8.0,45.0,30464.0,3.5483274810571057,1.0,72.0,8.0,0.0,3.0,4.0,62
50.0,0.0,0.0,5.0,6.0,5.0,30838.0,3.6468921333086923,0.0,8.0,5.0,0.0,2.0,0.0,34
50.0,0.0,0.0,219.0,4.0,254.0,82100.0,3.0336009637432664,7.0,538.0,18.0,1.0,8.0,7.0,64
82.0,1.0,1.0,74.0,11.0,261.0,46068.0,2.5325639814643695,3.0,176.0,5.0,0.0,2.0,7.0,36
11.0,0.0,0.0,193.0,6.0,97.0,74420.0,5.169168429194302,7.0,288.0,11.0,0.0,3.0,6.0,50
48.0,1.0,1.0,94.0,8.0,38.0,72843.0,3.4826177128893816,4.0,1469.0,8.0,1.0,5.0,10.0,59
29.0,0.0,0.0,5.0,6.0,22.0,26763.0,2.4805437483315878,0.0,30.0,5.0,0.0,2.0,1.0,67
87.0,0.0,0.0,182.0,6.0,236.0,62966.0,2.5763704935761855,3.0,315.0,17.0,1.0,5.0,6.0,61
21.0,0.0,0.0,7.0,6.0,2.0,56256.0,4.993942380747038,0.0,83.0,6.0,1.0,3.0,1.0,57
64.0,0.0,0.0,5.0,10.0,11.0,27327.0,3.674271203378577,0.0,35.0,5.0,0.0,2.0,1.0,43
0.0,0.0,0.0,303.0,1.0,392.0,97560.0,4.815978425292785,5.0,302.0,9.0,0.0,2.0,5.0,50
51.0,0.0,0.0,381.0,11.0,61.0,90106.0,2.9843186376174735,3.0,1203.0,17.0,1.0,2.0,12.0,61
22.0,1.0,1.0,5.0,10.0,22.0,34955.0,4.944660054621245,1.0,24.0,3.0,0.0,3.0,1.0,51
28.0,0.0,0.0,336.0,6.0,68.0,95143.0,2.5818463075901628,5.0,1139.0,11.0,0.0,2.0,10.0,36
74.0,0.0,0.0,27.0,8.0,50.0,62493.0,2.77076189107237,1.0,134.0,6.0,1.0,6.0,4.0,64
83.0,0.0,0.0,49.0,7.0,34.0,48729.0,2.653031889771864,1.0,107.0,8.0,1.0,8.0,2.0,46
56.0,0.0,0.0,179.0,7.0,292.0,69821.0,3.2279923612394503,5.0,346.0,15.0,0.0,3.0,8.0,64
3.0,0.0,0.0,367.0,3.0,261.0,72693.0,3.436073293770577,10.0,232.0,11.0,0.0,3.0,4.0,38
35.0,2.0,1.0,49.0,11.0,83.0,65014.0,2.7160037509325994,5.0,1106.0,11.0,1.0,6.0,12.0,52
87.0,0.0,0.0,10.0,7.0,11.0,0.0,3.6003477141898874,0.0,30.0,5.0,1.0,2.0,1.0,62
57.0,0.0,0.0,18.0,8.0,11.0,32852.0,2.814568403184186,0.0,18.0,5.0,0.0,3.0,2.0,38
14.0,0.0,0.0,430.0,3.0,27.0,85178.0,3.0609800338131516,13.0,1253.0,14.0,0.0,2.0,5.0,44
12.0,0.0,0.0,4.0,4.0,16.0,30275.0,2.5982737496320936,0.0,2.0,5.0,0.0,2.0,0.0,44
95.0,0.0,0.0,204.0,6.0,14.0,81780.0,2.313531420905289,9.0,792.0,14.0,1.0,6.0,7.0,63
7.0,0.0,0.0,166.0,7.0,86.0,78306.0,2.3162693279122775,8.0,1363.0,15.0,0.0,3.0,2.0,42
11.0,0.0,0.0,12.0,7.0,31.0,39130.0,2.680410959841749,1.0,29.0,5.0,1.0,5.0,2.0,70
86.0,0.0,0.0,416.0,7.0,193.0,84761.0,5.097982847012601,8.0,979.0,12.0,1.0,3.0,11.0,69
4.0,1.0,1.0,24.0,10.0,54.0,61942.0,4.89811563550244,1.0,638.0,11.0,1.0,5.0,8.0,65
87.0,0.0,0.0,54.0,11.0,31.0,34224.0,3.6140372492248303,1.0,102.0,6.0,0.0,6.0,4.0,35
28.0,0.0,0.0,458.0,1.0,56.0,88944.0,4.835143774341704,5.0,363.0,14.0,0.0,2.0,4.0,55
88.0,1.0,1.0,10.0,13.0,25.0,34045.0,2.3381725839681855,0.0,11.0,5.0,0.0,2.0,1.0,32
70.0,0.0,0.0,335.0,10.0,275.0,83124.0,2.7269553789605534,9.0,805.0,14.0,0.0,2.0,6.0,69
13.0,0.0,0.0,207.0,6.0,149.0,71836.0,5.232140290355038,4.0,206.0,18.0,1.0,8.0,7.0,50
61.0,0.0,0.0,263.0,7.0,191.0,65900.0,3.0828832898690597,8.0,570.0,15.0,1.0,3.0,8.0,69
29.0,0.0,0.0,50.0,3.0,38.0,81127.0,4.851571216383635,1.0,221.0,11.0,1.0,2.0,5.0,68
96.0,0.0,0.0,42.0,7.0,31.0,65939.0,4.9473979616282335,1.0,229.0,8.0,1.0,3.0,5.0,45
23.0,0.0,0.0,95.0,3.0,139.0,74514.0,3.2279923612394503,4.0,659.0,18.0,1.0,5.0,4.0,49
15.0,0.0,0.0,37.0,14.0,115.0,25171.0,3.280012594372232,1.0,141.0,3.0,0.0,6.0,6.0,34
46.0,0.0,0.0,13.0,11.0,7.0,42466.0,4.854309123390624,0.0,82.0,5.0,1.0,3.0,4.0,65
17.0,2.0,1.0,86.0,4.0,416.0,92877.0,2.653031889771864,14.0,1078.0,9.0,0.0,2.0,6.0,70
23.0,1.0,1.0,12.0,13.0,70.0,25973.0,3.06371794082014,1.0,5.0,3.0,0.0,2.0,1.0,50
12.0,0.0,0.0,586.0,4.0,142.0,96505.0,2.9788428236034963,9.0,822.0,11.0,0.0,2.0,7.0,47
89.0,2.0,1.0,184.0,4.0,65.0,89847.0,5.136313545110441,5.0,1494.0,9.0,1.0,3.0,10.0,46
43.0,0.0,0.0,159.0,11.0,54.0,79447.0,2.390192817100967,4.0,1890.0,20.0,0.0,3.0,8.0,50
97.0,0.0,0.0,122.0,6.0,103.0,80422.0,2.8282579382191284,8.0,659.0,17.0,1.0,3.0,8.0,56
72.0,0.0,0.0,17.0,7.0,45.0,48844.0,5.1417893591244175,1.0,149.0,6.0,1.0,5.0,2.0,44
37.0,0.0,0.0,4.0,6.0,0.0,62597.0,2.921346776456738,0.0,53.0,5.0,1.0,2.0,1.0,70
28.0,1.0,1.0,7.0,6.0,22.0,44921.0,5.043224706872831,0.0,37.0,5.0,0.0,2.0,1.0,37
29.0,0.0,0.0,126.0,10.0,164.0,72098.0,2.814568403184186,4.0,606.0,11.0,1.0,8.0,11.0,55
48.0,0.0,0.0,212.0,8.0,56.0,94316.0,3.6386784122877267,8.0,1568.0,18.0,0.0,2.0,4.0,59
64.0,0.0,0.0,20.0,13.0,27.0,31094.0,3.5592791090850597,0.0,2.0,5.0,0.0,2.0,4.0,54
68.0,0.0,0.0,267.0,3.0,211.0,76238.0,5.065127962928739,4.0,402.0,8.0,0.0,2.0,5.0,55
48.0,0.0,0.0,216.0,7.0,97.0,86113.0,3.0910970108900253,3.0,808.0,18.0,1.0,6.0,11.0,59
30.0,0.0,0.0,19.0,13.0,16.0,33621.0,2.5051849113944846,0.0,59.0,5.0,0.0,3.0,5.0,33
10.0,1.0,1.0,11.0,11.0,40.0,19844.0,2.379241189073013,1.0,10.0,3.0,0.0,3.0,2.0,28
18.0,0.0,0.0,82.0,4.0,11.0,76651.0,3.5893960861619334,3.0,723.0,18.0,1.0,6.0,5.0,45
77.0,0.0,0.0,6.0,11.0,34.0,21494.0,3.282750501379221,1.0,10.0,3.0,0.0,2.0,1.0,61
96.0,0.0,0.0,9.0,3.0,63.0,48901.0,4.963825403670165,1.0,22.0,6.0,0.0,2.0,1.0,56
0.0,0.0,0.0,137.0,11.0,58.0,62618.0,3.5702307371130138,3.0,726.0,12.0,1.0,18.0,11.0,64
1.0,1.0,1.0,143.0,7.0,225.0,83912.0,3.3183432924700713,3.0,253.0,12.0,1.0,3.0,8.0,50
9.0,1.0,1.0,17.0,7.0,18.0,74596.0,5.202023313278165,4.0,813.0,11.0,1.0,6.0,8.0,70
53.0,1.0,1.0,165.0,8.0,76.0,56290.0,3.186923756134623,13.0,699.0,8.0,0.0,3.0,8.0,77
31.0,4.0,1.0,668.0,1.0,182.0,96039.0,4.813240518285796,9.0,1696.0,15.0,0.0,2.0,5.0,34
64.0,0.0,0.0,74.0,8.0,176.0,49260.0,2.778975612093335,8.0,606.0,6.0,1.0,11.0,7.0,49
60.0,2.0,1.0,38.0,11.0,65.0,59297.0,3.5236863179942093,5.0,1866.0,15.0,0.0,2.0,5.0,33
21.0,0.0,0.0,6.0,11.0,20.0,20961.0,3.419645851728646,1.0,2.0,3.0,0.0,2.0,0.0,33
76.0,0.0,0.0,2.0,7.0,72.0,17314.0,2.9377742184986686,3.0,10.0,5.0,1.0,8.0,2.0,62
71.0,0.0,0.0,12.0,10.0,22.0,35127.0,3.479879805882393,0.0,6.0,5.0,0.0,3.0,2.0,41
57.0,0.0,0.0,99.0,4.0,196.0,76329.0,2.8282579382191284,3.0,525.0,15.0,1.0,11.0,5.0,42
10.0,1.0,1.0,10.0,10.0,32.0,40455.0,3.24715771028837,1.0,37.0,3.0,0.0,2.0,1.0,49
40.0,0.0,0.0,12.0,11.0,5.0,36329.0,2.811830496177197,0.0,10.0,5.0,0.0,2.0,1.0,48
85.0,0.0,0.0,37.0,10.0,7.0,62793.0,2.7543344490304387,3.0,232.0,6.0,1.0,9.0,5.0,64
42.0,0.0,0.0,505.0,3.0,58.0,92710.0,3.4935693409173356,8.0,950.0,12.0,0.0,2.0,5.0,25
48.0,1.0,1.0,13.0,10.0,9.0,41559.0,2.735169099981519,1.0,208.0,6.0,1.0,8.0,4.0,50
18.0,0.0,0.0,255.0,1.0,22.0,89668.0,5.0623900559217505,8.0,981.0,14.0,0.0,2.0,5.0,66
36.0,0.0,0.0,57.0,7.0,49.0,53071.0,2.362813747031082,1.0,406.0,11.0,1.0,8.0,6.0,45
85.0,0.0,0.0,20.0,7.0,54.0,35366.0,2.748858635016462,1.0,19.0,5.0,1.0,3.0,1.0,53
6.0,0.0,0.0,233.0,8.0,218.0,77545.0,3.5948719001759106,7.0,952.0,18.0,0.0,2.0,13.0,33
63.0,0.0,0.0,22.0,10.0,77.0,64347.0,5.103458661026578,3.0,715.0,9.0,1.0,5.0,10.0,52
48.0,0.0,0.0,308.0,6.0,160.0,78760.0,3.2389439892674043,9.0,1213.0,20.0,0.0,2.0,11.0,32
33.0,0.0,0.0,1.0,4.0,11.0,41564.0,5.029535171837889,1.0,19.0,3.0,0.0,2.0,0.0,39
79.0,2.0,1.0,95.0,6.0,200.0,96413.0,3.315605385463083,13.0,1355.0,8.0,0.0,2.0,11.0,72
48.0,0.0,0.0,28.0,8.0,13.0,50845.0,2.362813747031082,1.0,152.0,8.0,1.0,6.0,2.0,68
25.0,2.0,1.0,638.0,3.0,36.0,105987.0,3.326557013491037,14.0,1307.0,8.0,0.0,0.0,6.0,45
65.0,0.0,0.0,23.0,4.0,14.0,57046.0,4.8022888902578424,1.0,67.0,6.0,0.0,2.0,2.0,54
70.0,1.0,1.0,23.0,4.0,392.0,70357.0,4.963825403670165,7.0,645.0,9.0,1.0,3.0,6.0,61
90.0,2.0,1.0,191.0,10.0,214.0,56486.0,3.6441542263017035,9.0,992.0,15.0,0.0,3.0,11.0,49
81.0,2.0,1.0,56.0,6.0,76.0,77474.0,3.3950046886657494,5.0,2077.0,15.0,1.0,6.0,8.0,51
20.0,0.0,0.0,46.0,8.0,32.0,50659.0,3.1951374771555883,1.0,126.0,6.0,1.0,6.0,4.0,47
83.0,1.0,1.0,288.0,4.0,72.0,94558.0,5.204761220285153,12.0,491.0,8.0,0.0,2.0,7.0,56
93.0,2.0,1.0,364.0,6.0,167.0,82745.0,3.24715771028837,5.0,1050.0,12.0,0.0,3.0,10.0,34
37.0,0.0,0.0,6.0,8.0,5.0,25206.0,2.4038823521359096,0.0,2.0,5.0,0.0,3.0,2.0,51
1.0,0.0,0.0,5.0,11.0,11.0,37145.0,3.2663230593372896,0.0,21.0,5.0,0.0,2.0,1.0,47
83.0,0.0,0.0,29.0,7.0,2.0,71205.0,2.387454910093979,0.0,74.0,6.0,1.0,2.0,2.0,46
96.0,0.0,0.0,670.0,3.0,72.0,99886.0,3.575706551126991,8.0,1438.0,15.0,0.0,2.0,6.0,48
32.0,0.0,0.0,291.0,10.0,418.0,64301.0,2.9487258465266226,8.0,614.0,12.0,1.0,6.0,13.0,45
8.0,0.0,0.0,129.0,7.0,243.0,73704.0,2.674935145827772,12.0,506.0,6.0,1.0,2.0,7.0,64
53.0,0.0,0.0,28.0,10.0,22.0,41746.0,2.4586404922756797,0.0,18.0,5.0,0.0,2.0,4.0,44
61.0,0.0,0.0,12.0,8.0,20.0,69497.0,5.087031218984647,3.0,584.0,8.0,1.0,8.0,8.0,47
92.0,0.0,0.0,53.0,4.0,7.0,59246.0,2.518874446429427,3.0,560.0,15.0,1.0,3.0,4.0,62
74.0,0.0,0.0,45.0,10.0,25.0,44115.0,2.286152350835404,1.0,62.0,5.0,0.0,5.0,4.0,51
56.0,0.0,0.0,13.0,10.0,7.0,58208.0,4.977514938705107,0.0,205.0,6.0,1.0,3.0,5.0,52
24.0,0.0,0.0,7.0,6.0,25.0,50778.0,5.2211886623270845,1.0,35.0,3.0,1.0,2.0,1.0,63
37.0,0.0,0.0,761.0,1.0,389.0,91548.0,2.9706291025825307,8.0,720.0,9.0,0.0,2.0,4.0,36
27.0,0.0,0.0,107.0,6.0,101.0,87140.0,4.9391842406072675,7.0,544.0,12.0,0.0,2.0,8.0,39
73.0,1.0,1.0,94.0,6.0,79.0,91086.0,3.6140372492248303,7.0,806.0,6.0,0.0,2.0,7.0,45
49.0,0.0,0.0,13.0,6.0,32.0,62576.0,3.2115649191975195,1.0,174.0,8.0,1.0,6.0,4.0,57
52.0,0.0,0.0,86.0,8.0,47.0,54079.0,2.4230477011848293,4.0,406.0,8.0,1.0,5.0,7.0,44
27.0,1.0,1.0,159.0,6.0,47.0,64039.0,3.151330965043772,4.0,1077.0,8.0,1.0,3.0,7.0,54
81.0,0.0,0.0,42.0,8.0,436.0,63549.0,3.326557013491037,13.0,1320.0,8.0,1.0,3.0,10.0,48
88.0,0.0,0.0,70.0,10.0,43.0,52713.0,2.707790029911634,3.0,344.0,8.0,1.0,8.0,7.0,46
29.0,0.0,0.0,60.0,7.0,56.0,67910.0,2.395668631114944,1.0,368.0,11.0,1.0,5.0,8.0,61
86.0,0.0,0.0,7.0,11.0,9.0,15723.0,2.9815807306104847,0.0,10.0,5.0,1.0,3.0,1.0,60
35.0,0.0,0.0,46.0,10.0,45.0,48754.0,5.015845636802946,1.0,77.0,6.0,1.0,6.0,4.0,39
56.0,0.0,0.0,80.0,6.0,49.0,71099.0,2.674935145827772,3.0,259.0,12.0,1.0,2.0,5.0,41
74.0,0.0,0.0,45.0,10.0,25.0,44115.0,2.286152350835404,1.0,62.0,5.0,0.0,5.0,4.0,51
56.0,0.0,0.0,32.0,8.0,20.0,53432.0,2.6448181687508985,1.0,261.0,9.0,1.0,11.0,4.0,49
75.0,0.0,0.0,53.0,10.0,7.0,57813.0,2.674935145827772,1.0,158.0,8.0,0.0,5.0,5.0,38
96.0,0.0,0.0,35.0,7.0,250.0,68717.0,3.35667399056791,3.0,184.0,9.0,1.0,5.0,6.0,55
94.0,0.0,0.0,14.0,4.0,29.0,53971.0,4.9610874966631755,1.0,66.0,5.0,1.0,3.0,1.0,43
40.0,0.0,0.0,418.0,3.0,43.0,86381.0,2.4230477011848293,13.0,914.0,8.0,0.0,2.0,4.0,28
6.0,0.0,0.0,13.0,10.0,14.0,53386.0,2.5599430515342547,0.0,109.0,6.0,1.0,5.0,2.0,48
87.0,1.0,1.0,142.0,11.0,239.0,68616.0,3.052766312792186,3.0,997.0,12.0,1.0,11.0,4.0,48
64.0,0.0,0.0,310.0,1.0,103.0,92365.0,2.6393423547369212,5.0,858.0,15.0,0.0,2.0,4.0,65
3.0,0.0,0.0,429.0,6.0,184.0,92013.0,2.9487258465266226,8.0,674.0,8.0,1.0,3.0,10.0,40
86.0,0.0,0.0,6.0,7.0,29.0,44653.0,5.010369822788969,3.0,122.0,3.0,1.0,2.0,4.0,61
54.0,0.0,0.0,278.0,3.0,234.0,80544.0,2.4586404922756797,5.0,939.0,12.0,0.0,2.0,5.0,38
48.0,0.0,0.0,5.0,10.0,4.0,46396.0,2.4914953763595418,1.0,336.0,8.0,1.0,3.0,5.0,46
52.0,0.0,0.0,42.0,10.0,23.0,46508.0,3.641416319294715,1.0,72.0,6.0,1.0,6.0,4.0,68
31.0,0.0,0.0,5.0,13.0,9.0,43375.0,3.3785772466238186,0.0,14.0,3.0,0.0,2.0,1.0,42
47.0,0.0,0.0,9.0,11.0,83.0,26029.0,3.230730268246439,1.0,3.0,3.0,0.0,2.0,2.0,54
9.0,0.0,0.0,37.0,11.0,36.0,41909.0,3.181447942120646,1.0,104.0,5.0,1.0,6.0,4.0,59
60.0,1.0,1.0,599.0,3.0,47.0,96735.0,4.914543077544371,13.0,978.0,9.0,0.0,2.0,8.0,64
46.0,0.0,0.0,172.0,7.0,43.0,80125.0,2.885753985365887,3.0,886.0,15.0,1.0,5.0,12.0,52
3.0,0.0,0.0,234.0,8.0,22.0,75003.0,3.6003477141898874,5.0,1424.0,11.0,0.0,6.0,10.0,55
47.0,1.0,1.0,318.0,1.0,434.0,92143.0,4.7885993552229,9.0,773.0,12.0,0.0,2.0,4.0,57
26.0,2.0,1.0,82.0,1.0,122.0,94972.0,2.8501611942750364,5.0,1722.0,12.0,0.0,2.0,4.0,46
81.0,0.0,0.0,6.0,10.0,5.0,62252.0,5.144527266131406,0.0,48.0,5.0,1.0,2.0,1.0,51
16.0,0.0,0.0,14.0,11.0,23.0,42298.0,4.999418194761015,1.0,46.0,3.0,0.0,2.0,2.0,41
42.0,0.0,0.0,1380.0,1.0,2.0,2814.0,3.258109338316324,36.0,2.0,0.0,0.0,23.0,0.0,41
38.0,0.0,0.0,142.0,7.0,54.0,88012.0,2.584584214597151,7.0,568.0,11.0,1.0,6.0,11.0,45
16.0,0.0,0.0,12.0,4.0,22.0,35452.0,2.5161365394224386,1.0,26.0,6.0,0.0,3.0,1.0,40
3.0,0.0,0.0,106.0,8.0,47.0,69230.0,3.269060966344278,3.0,803.0,17.0,1.0,9.0,7.0,72
91.0,0.0,0.0,18.0,6.0,110.0,53925.0,2.606487470653059,1.0,69.0,6.0,1.0,2.0,2.0,55
34.0,1.0,1.0,6.0,10.0,20.0,38752.0,2.5681567725552203,0.0,6.0,3.0,0.0,2.0,1.0,50
67.0,0.0,0.0,181.0,13.0,122.0,25883.0,3.37583933961683,3.0,109.0,6.0,0.0,5.0,12.0,66
31.0,0.0,0.0,2.0,11.0,16.0,10980.0,3.6715332963715888,0.0,0.0,5.0,0.0,3.0,1.0,44
75.0,0.0,0.0,18.0,13.0,34.0,24892.0,3.6003477141898874,0.0,22.0,5.0,0.0,5.0,4.0,41
64.0,0.0,0.0,70.0,10.0,131.0,61919.0,2.7871893331143007,7.0,605.0,5.0,1.0,6.0,10.0,55
81.0,0.0,0.0,6.0,10.0,16.0,39584.0,2.7762377050863467,0.0,5.0,3.0,0.0,2.0,1.0,46
22.0,1.0,1.0,14.0,10.0,43.0,66033.0,2.792665147128278,1.0,448.0,9.0,1.0,5.0,6.0,49
52.0,0.0,0.0,1.0,10.0,4.0,30898.0,4.944660054621245,0.0,0.0,3.0,0.0,2.0,1.0,29
87.0,0.0,0.0,98.0,8.0,149.0,68134.0,2.420309794177841,3.0,523.0,14.0,1.0,8.0,6.0,58
65.0,0.0,0.0,6.0,11.0,5.0,44379.0,2.9049193344148065,0.0,5.0,3.0,0.0,2.0,1.0,49
63.0,0.0,0.0,2.0,7.0,4.0,37148.0,5.089769125991635,0.0,56.0,6.0,1.0,3.0,1.0,50
10.0,0.0,0.0,151.0,6.0,234.0,84465.0,5.160954708173337,3.0,378.0,14.0,0.0,2.0,8.0,51
29.0,0.0,0.0,6.0,8.0,18.0,15047.0,2.4367372362197717,0.0,3.0,5.0,0.0,2.0,1.0,68
39.0,0.0,0.0,22.0,11.0,16.0,17076.0,2.7734997980793583,0.0,34.0,6.0,0.0,5.0,2.0,44
78.0,0.0,0.0,22.0,4.0,59.0,53023.0,5.160954708173337,1.0,50.0,6.0,0.0,2.0,1.0,31
40.0,3.0,1.0,218.0,8.0,144.0,92154.0,2.891229799379864,4.0,1949.0,9.0,0.0,3.0,6.0,48
99.0,0.0,0.0,561.0,4.0,113.0,75692.0,3.3621498045818874,5.0,427.0,15.0,0.0,2.0,6.0,42
12.0,0.0,0.0,19.0,8.0,36.0,39302.0,4.911805170537383,0.0,8.0,6.0,0.0,6.0,4.0,32
39.0,0.0,0.0,5.0,10.0,16.0,23675.0,4.914543077544371,1.0,3.0,3.0,0.0,2.0,1.0,50
21.0,0.0,0.0,291.0,10.0,16.0,75890.0,3.5893960861619334,7.0,811.0,15.0,1.0,5.0,11.0,44
3.0,0.0,0.0,13.0,8.0,2.0,28335.0,5.196547499264187,0.0,32.0,6.0,1.0,5.0,2.0,47
71.0,1.0,1.0,143.0,3.0,153.0,67487.0,4.815978425292785,4.0,766.0,18.0,0.0,2.0,6.0,39
81.0,0.0,0.0,99.0,7.0,94.0,74535.0,5.267733081445889,3.0,469.0,15.0,0.0,2.0,8.0,42
16.0,0.0,0.0,54.0,10.0,4.0,81471.0,2.4449509572407373,1.0,206.0,8.0,1.0,8.0,7.0,53
97.0,0.0,0.0,11.0,13.0,18.0,39149.0,2.4586404922756797,0.0,32.0,3.0,0.0,2.0,2.0,42
27.0,1.0,1.0,17.0,8.0,108.0,65881.0,4.791337262229888,1.0,843.0,12.0,1.0,5.0,10.0,57
67.0,2.0,1.0,138.0,10.0,36.0,0.0,2.6311286337159556,4.0,1181.0,15.0,1.0,9.0,2.0,50
27.0,0.0,0.0,320.0,6.0,205.0,86521.0,2.373765375059036,4.0,701.0,20.0,1.0,2.0,10.0,56
52.0,1.0,1.0,5.0,6.0,20.0,33980.0,2.614701191674025,1.0,11.0,3.0,0.0,2.0,1.0,50
87.0,0.0,0.0,348.0,1.0,97.0,75644.0,2.308055606891312,10.0,904.0,9.0,0.0,2.0,2.0,53
89.0,0.0,0.0,371.0,7.0,58.0,72157.0,3.0500284057851976,10.0,899.0,17.0,1.0,5.0,8.0,55
51.0,0.0,0.0,13.0,11.0,34.0,17647.0,3.608561435210853,1.0,8.0,3.0,0.0,3.0,1.0,36
19.0,0.0,0.0,81.0,10.0,130.0,50570.0,3.326557013491037,5.0,605.0,9.0,0.0,8.0,7.0,40
84.0,0.0,0.0,193.0,10.0,418.0,60390.0,3.597609807182899,7.0,587.0,14.0,0.0,3.0,11.0,42
67.0,0.0,0.0,106.0,10.0,22.0,60275.0,3.4333353867635887,1.0,296.0,11.0,0.0,3.0,8.0,36
51.0,0.0,0.0,9.0,11.0,16.0,29087.0,2.5681567725552203,1.0,24.0,3.0,0.0,2.0,1.0,51
83.0,0.0,0.0,108.0,7.0,178.0,72228.0,3.608561435210853,4.0,842.0,18.0,1.0,5.0,6.0,60
20.0,0.0,0.0,2.0,4.0,2.0,47317.0,5.166430522187314,0.0,14.0,5.0,1.0,2.0,0.0,70
60.0,0.0,0.0,62.0,10.0,47.0,65506.0,2.496971190373519,4.0,467.0,8.0,1.0,11.0,7.0,55
49.0,0.0,0.0,8.0,11.0,2.0,43422.0,3.5154725969732437,0.0,43.0,5.0,1.0,3.0,1.0,54
5.0,1.0,1.0,280.0,3.0,59.0,98567.0,2.932298404484692,12.0,960.0,15.0,0.0,2.0,7.0,31
31.0,0.0,0.0,105.0,11.0,49.0,48034.0,3.1540688720507606,1.0,483.0,11.0,1.0,9.0,10.0,65
43.0,1.0,1.0,2.0,7.0,16.0,35469.0,4.873474472439543,1.0,38.0,3.0,1.0,3.0,1.0,54
28.0,1.0,1.0,149.0,10.0,356.0,48949.0,3.269060966344278,10.0,518.0,6.0,1.0,9.0,7.0,52
27.0,2.0,1.0,317.0,4.0,0.0,80641.0,2.5325639814643695,9.0,2093.0,6.0,0.0,2.0,6.0,37
73.0,1.0,1.0,16.0,13.0,36.0,36586.0,3.1650205000787146,0.0,56.0,5.0,0.0,3.0,2.0,47
13.0,0.0,0.0,2.0,10.0,23.0,17541.0,2.4504267712547145,0.0,2.0,5.0,0.0,3.0,1.0,28
92.0,0.0,0.0,26.0,0.0,524.0,8216.0,2.340910490975174,1.0,130.0,2.0,1.0,0.0,28.0,54
73.0,0.0,0.0,22.0,7.0,74.0,51031.0,5.048700520886808,1.0,341.0,9.0,1.0,2.0,5.0,55
78.0,1.0,1.0,320.0,3.0,0.0,87452.0,2.4011444451289212,7.0,1216.0,17.0,0.0,2.0,5.0,60
99.0,0.0,0.0,223.0,4.0,329.0,90178.0,4.785861448215911,9.0,725.0,15.0,1.0,3.0,8.0,44
97.0,0.0,0.0,9.0,6.0,27.0,56113.0,4.7885993552229,0.0,40.0,5.0,1.0,2.0,1.0,67
93.0,1.0,1.0,307.0,3.0,194.0,89220.0,5.160954708173337,7.0,595.0,14.0,0.0,2.0,5.0,42
11.0,0.0,0.0,63.0,10.0,196.0,58695.0,3.3320328275050137,3.0,160.0,6.0,1.0,3.0,7.0,51
86.0,0.0,0.0,102.0,8.0,9.0,61859.0,5.095244940005613,3.0,536.0,12.0,1.0,5.0,8.0,69
65.0,0.0,0.0,13.0,8.0,4.0,30773.0,5.169168429194302,1.0,40.0,5.0,0.0,3.0,2.0,48
40.0,0.0,0.0,6.0,11.0,2.0,26191.0,2.8090925891702088,0.0,8.0,3.0,0.0,2.0,1.0,42
30.0,3.0,1.0,317.0,7.0,284.0,89203.0,3.6249888772527843,3.0,1968.0,12.0,1.0,2.0,12.0,41
10.0,3.0,1.0,234.0,6.0,54.0,87047.0,3.3429844555329677,5.0,1275.0,9.0,0.0,2.0,13.0,52
1.0,2.0,1.0,359.0,1.0,36.0,109444.0,2.502447004387496,4.0,2056.0,6.0,0.0,2.0,5.0,33
11.0,0.0,0.0,114.0,8.0,158.0,47153.0,3.0664558478271284,3.0,197.0,12.0,0.0,2.0,7.0,57
35.0,0.0,0.0,122.0,13.0,74.0,54178.0,3.586658179154945,3.0,952.0,15.0,1.0,9.0,4.0,49
26.0,0.0,0.0,142.0,6.0,41.0,82141.0,5.078817497963682,3.0,339.0,12.0,0.0,3.0,10.0,42
83.0,0.0,0.0,41.0,4.0,83.0,78515.0,2.5270881674503927,3.0,216.0,8.0,1.0,3.0,5.0,41
65.0,0.0,0.0,5.0,10.0,5.0,47166.0,2.9678911955755423,0.0,11.0,3.0,0.0,2.0,1.0,42
72.0,0.0,0.0,598.0,1.0,54.0,105593.0,2.379241189073013,7.0,656.0,18.0,0.0,0.0,6.0,34
76.0,0.0,0.0,12.0,11.0,4.0,37812.0,3.348460269546945,0.0,13.0,5.0,0.0,2.0,1.0,34
21.0,0.0,0.0,229.0,4.0,446.0,82760.0,2.6995763088906686,4.0,915.0,8.0,1.0,5.0,7.0,69
56.0,3.0,1.0,363.0,3.0,77.0,92414.0,3.1047865459249677,5.0,2389.0,8.0,0.0,3.0,5.0,71
73.0,0.0,0.0,579.0,4.0,99.0,100266.0,2.852899101282025,3.0,1456.0,9.0,0.0,2.0,12.0,37
72.0,0.0,0.0,1.0,11.0,9.0,26789.0,2.7433828210024847,0.0,0.0,3.0,0.0,2.0,1.0,61
30.0,0.0,0.0,57.0,13.0,61.0,46897.0,3.586658179154945,1.0,366.0,8.0,1.0,6.0,8.0,44
16.0,0.0,0.0,5.0,8.0,22.0,35049.0,5.212974941306118,1.0,75.0,5.0,0.0,2.0,1.0,36
66.0,0.0,0.0,6.0,8.0,5.0,41037.0,4.966563310677153,0.0,16.0,5.0,0.0,2.0,1.0,36
8.0,0.0,0.0,18.0,10.0,20.0,40851.0,2.518874446429427,0.0,18.0,5.0,0.0,3.0,4.0,39
78.0,0.0,0.0,574.0,6.0,77.0,74586.0,3.3785772466238186,7.0,890.0,15.0,0.0,2.0,8.0,64
13.0,0.0,0.0,313.0,4.0,72.0,90028.0,2.4504267712547145,5.0,1035.0,15.0,0.0,2.0,7.0,32
71.0,2.0,1.0,538.0,6.0,227.0,95056.0,2.5353018884713583,7.0,1546.0,15.0,0.0,2.0,8.0,74
64.0,0.0,0.0,14.0,6.0,101.0,62940.0,2.653031889771864,1.0,509.0,12.0,1.0,8.0,5.0,45
56.0,1.0,1.0,24.0,10.0,14.0,73616.0,4.832405867334716,3.0,650.0,8.0,1.0,11.0,10.0,74
22.0,0.0,0.0,22.0,11.0,7.0,36222.0,3.3429844555329677,1.0,173.0,6.0,1.0,3.0,4.0,58
30.0,1.0,1.0,40.0,8.0,67.0,46679.0,2.5216123534364154,5.0,246.0,5.0,1.0,8.0,4.0,51
3.0,0.0,0.0,35.0,6.0,40.0,67443.0,2.833733752233105,1.0,99.0,6.0,1.0,2.0,2.0,58
36.0,1.0,1.0,185.0,1.0,241.0,88989.0,5.254043546410946,9.0,786.0,18.0,1.0,3.0,6.0,52
33.0,0.0,0.0,204.0,1.0,146.0,88320.0,5.089769125991635,5.0,277.0,11.0,0.0,2.0,5.0,55
54.0,0.0,0.0,370.0,0.0,95.0,98246.0,2.8392095662470824,9.0,602.0,11.0,0.0,2.0,2.0,68
62.0,0.0,0.0,53.0,27.0,4.0,9232.0,3.5592791090850597,1.0,117.0,0.0,0.0,23.0,0.0,29
74.0,0.0,0.0,143.0,7.0,139.0,86281.0,3.2498956172953584,5.0,1480.0,9.0,1.0,3.0,11.0,67
77.0,0.0,0.0,282.0,11.0,54.0,87057.0,3.6140372492248303,8.0,1040.0,17.0,1.0,8.0,5.0,53
49.0,0.0,0.0,13.0,8.0,40.0,30234.0,3.241681896274393,0.0,24.0,6.0,1.0,6.0,2.0,48
46.0,0.0,0.0,200.0,7.0,25.0,80551.0,3.140379337015818,13.0,1717.0,8.0,1.0,6.0,8.0,66
87.0,2.0,1.0,430.0,1.0,67.0,93433.0,2.280676536821427,7.0,637.0,11.0,0.0,2.0,5.0,56
72.0,1.0,1.0,21.0,8.0,135.0,55103.0,3.381315153630807,5.0,808.0,9.0,1.0,8.0,8.0,60
89.0,0.0,0.0,19.0,8.0,2.0,58101.0,2.291628164849381,0.0,82.0,6.0,1.0,3.0,2.0,60
66.0,0.0,0.0,243.0,8.0,59.0,81239.0,3.4853556198963704,10.0,1949.0,6.0,0.0,2.0,6.0,36
57.0,0.0,0.0,25.0,11.0,7.0,35752.0,3.6468921333086923,0.0,50.0,6.0,0.0,5.0,4.0,39
86.0,0.0,0.0,79.0,6.0,13.0,76260.0,2.5654188655482315,4.0,1000.0,18.0,1.0,3.0,7.0,57
28.0,0.0,0.0,13.0,11.0,38.0,34526.0,5.045962613879819,0.0,18.0,5.0,0.0,2.0,2.0,48
18.0,0.0,0.0,163.0,11.0,85.0,45732.0,2.7214795649465766,1.0,181.0,11.0,0.0,3.0,8.0,69
9.0,0.0,0.0,6.0,4.0,4.0,39302.0,5.212974941306118,0.0,18.0,5.0,1.0,2.0,1.0,45
2.0,0.0,0.0,21.0,24.0,472.0,7544.0,2.3272209559402315,0.0,107.0,2.0,0.0,0.0,1.0,38
44.0,0.0,0.0,341.0,8.0,104.0,87937.0,3.6468921333086923,7.0,1082.0,8.0,0.0,3.0,2.0,50
53.0,0.0,0.0,42.0,8.0,25.0,68257.0,2.4011444451289212,1.0,373.0,8.0,1.0,5.0,7.0,68
17.0,1.0,1.0,106.0,6.0,329.0,103375.0,2.987056544624462,8.0,659.0,12.0,0.0,2.0,13.0,29
66.0,0.0,0.0,24.0,7.0,18.0,61165.0,2.4559025852686913,1.0,338.0,9.0,0.0,3.0,5.0,50
57.0,0.0,0.0,522.0,3.0,47.0,87561.0,4.909067263530394,12.0,938.0,9.0,0.0,2.0,6.0,72
11.0,0.0,0.0,18.0,10.0,56.0,51648.0,3.0719316618411057,1.0,254.0,6.0,1.0,5.0,5.0,61
32.0,0.0,0.0,282.0,0.0,50.0,106439.0,4.97203912469113,7.0,789.0,20.0,0.0,0.0,4.0,60
10.0,0.0,0.0,8.0,10.0,9.0,32283.0,2.757072356037427,0.0,48.0,5.0,0.0,2.0,1.0,34
31.0,0.0,0.0,4.0,8.0,2.0,39828.0,5.21023703429913,0.0,13.0,3.0,1.0,2.0,1.0,64
99.0,0.0,0.0,166.0,1.0,77.0,80177.0,4.873474472439543,4.0,437.0,8.0,0.0,2.0,2.0,46
87.0,0.0,0.0,85.0,11.0,95.0,73344.0,3.047290498778209,1.0,731.0,9.0,1.0,12.0,13.0,41
81.0,0.0,0.0,134.0,10.0,194.0,74180.0,3.1020486389179793,4.0,1578.0,6.0,1.0,11.0,13.0,67
49.0,0.0,0.0,2.0,10.0,14.0,32647.0,3.386790967644784,0.0,2.0,3.0,0.0,2.0,1.0,73
75.0,0.0,0.0,14.0,11.0,0.0,18709.0,2.6119632846670364,0.0,30.0,5.0,0.0,5.0,4.0,36
74.0,1.0,1.0,23.0,10.0,16.0,68533.0,3.4716660848614276,1.0,731.0,11.0,1.0,2.0,10.0,55
73.0,0.0,0.0,482.0,1.0,52.0,80633.0,3.203351198176554,10.0,1131.0,18.0,0.0,2.0,2.0,48
63.0,0.0,0.0,25.0,3.0,0.0,56565.0,5.2430919183829925,1.0,130.0,8.0,1.0,2.0,1.0,44
91.0,0.0,0.0,4.0,10.0,9.0,49447.0,2.340910490975174,0.0,6.0,3.0,1.0,2.0,1.0,43
52.0,1.0,1.0,8.0,8.0,65.0,28614.0,3.5839202721479566,1.0,2.0,3.0,0.0,2.0,1.0,42
64.0,0.0,0.0,41.0,7.0,43.0,49141.0,2.4695921203036337,1.0,254.0,8.0,0.0,5.0,5.0,51
9.0,0.0,0.0,73.0,11.0,202.0,49128.0,2.9624153815615655,4.0,627.0,11.0,1.0,12.0,8.0,55
72.0,0.0,0.0,592.0,3.0,31.0,91920.0,3.6715332963715888,7.0,1267.0,12.0,0.0,2.0,4.0,48
26.0,0.0,0.0,20.0,11.0,43.0,40182.0,3.096572824904002,0.0,62.0,5.0,1.0,3.0,4.0,64
65.0,0.0,0.0,142.0,3.0,14.0,74834.0,2.6393423547369212,4.0,1006.0,8.0,0.0,2.0,6.0,77
6.0,0.0,0.0,2.0,10.0,2.0,54079.0,5.1636926151803255,0.0,26.0,3.0,1.0,2.0,1.0,55
50.0,0.0,0.0,139.0,3.0,36.0,80276.0,5.215712848313107,10.0,1200.0,17.0,1.0,3.0,7.0,68
93.0,0.0,0.0,102.0,4.0,124.0,77593.0,2.5325639814643695,3.0,259.0,11.0,1.0,3.0,5.0,73
87.0,1.0,1.0,654.0,3.0,110.0,90411.0,3.531900039015175,9.0,1178.0,15.0,0.0,2.0,5.0,63
33.0,0.0,0.0,22.0,11.0,4.0,30496.0,3.0062218936733816,0.0,32.0,5.0,1.0,5.0,2.0,71
41.0,0.0,0.0,58.0,11.0,86.0,42596.0,3.6715332963715888,3.0,138.0,8.0,0.0,2.0,5.0,38
60.0,0.0,0.0,202.0,1.0,220.0,80690.0,2.5489914235063007,9.0,258.0,17.0,0.0,2.0,4.0,71
68.0,0.0,0.0,221.0,6.0,146.0,75723.0,2.8994435204008298,4.0,899.0,9.0,0.0,2.0,7.0,75
89.0,0.0,0.0,62.0,10.0,259.0,31047.0,3.4278595727496115,3.0,11.0,8.0,0.0,3.0,5.0,69
63.0,0.0,0.0,285.0,4.0,0.0,78098.0,4.884426100467498,9.0,846.0,17.0,1.0,5.0,7.0,71
12.0,1.0,1.0,7.0,10.0,61.0,36370.0,2.918608869449749,1.0,62.0,3.0,0.0,2.0,2.0,42
80.0,0.0,0.0,18.0,11.0,32.0,41277.0,3.4853556198963704,1.0,253.0,8.0,1.0,9.0,4.0,52
80.0,0.0,0.0,7.0,13.0,2.0,25116.0,2.7214795649465766,0.0,27.0,5.0,0.0,2.0,1.0,37
87.0,0.0,0.0,8.0,4.0,32.0,45480.0,5.0267972648309,1.0,24.0,5.0,1.0,3.0,1.0,57
76.0,3.0,1.0,163.0,11.0,52.0,55421.0,3.0116977076873583,10.0,1662.0,18.0,0.0,5.0,2.0,62
93.0,0.0,0.0,442.0,3.0,31.0,89747.0,3.315605385463083,5.0,771.0,14.0,0.0,2.0,5.0,49
77.0,0.0,0.0,6.0,11.0,34.0,21494.0,3.282750501379221,1.0,10.0,3.0,0.0,2.0,1.0,61
49.0,2.0,1.0,37.0,10.0,18.0,43618.0,2.69683840188368,3.0,323.0,8.0,0.0,3.0,5.0,35
27.0,0.0,0.0,2.0,10.0,7.0,34593.0,3.1321656159948525,0.0,58.0,5.0,1.0,2.0,1.0,59
0.0,0.0,0.0,82.0,6.0,9.0,75123.0,5.2430919183829925,3.0,614.0,14.0,1.0,5.0,7.0,66
5.0,0.0,0.0,2.0,10.0,2.0,47653.0,3.5483274810571057,0.0,46.0,5.0,1.0,2.0,1.0,63
96.0,0.0,0.0,4.0,11.0,16.0,8625.0,3.170496314092692,0.0,2.0,5.0,0.0,3.0,2.0,34
13.0,0.0,0.0,4.0,11.0,5.0,36662.0,3.441549107784554,0.0,6.0,3.0,0.0,2.0,1.0,50
56.0,0.0,0.0,54.0,8.0,34.0,67268.0,2.3272209559402315,3.0,477.0,9.0,1.0,3.0,7.0,46
26.0,0.0,0.0,398.0,6.0,175.0,72314.0,3.6687953893646004,7.0,814.0,9.0,1.0,3.0,8.0,51
14.0,0.0,0.0,77.0,10.0,99.0,31534.0,3.326557013491037,1.0,69.0,9.0,0.0,5.0,5.0,66
74.0,0.0,0.0,38.0,11.0,76.0,25782.0,2.9788428236034963,3.0,48.0,3.0,0.0,2.0,4.0,57
18.0,1.0,1.0,456.0,4.0,220.0,95453.0,3.1047865459249677,8.0,1370.0,12.0,0.0,2.0,8.0,55
56.0,0.0,0.0,406.0,4.0,342.0,96825.0,2.852899101282025,5.0,344.0,11.0,1.0,2.0,10.0,45
53.0,0.0,0.0,31.0,11.0,160.0,42394.0,3.6578437613366463,3.0,326.0,6.0,1.0,5.0,6.0,63
41.0,0.0,0.0,18.0,10.0,20.0,31235.0,2.4504267712547145,0.0,11.0,5.0,0.0,2.0,1.0,34
61.0,0.0,0.0,290.0,7.0,290.0,79368.0,3.381315153630807,12.0,1162.0,20.0,1.0,6.0,10.0,50
79.0,0.0,0.0,3.0,10.0,9.0,28952.0,2.6667214248068065,0.0,6.0,3.0,1.0,2.0,1.0,44
6.0,1.0,1.0,147.0,8.0,193.0,63738.0,3.3731014326098414,7.0,739.0,14.0,1.0,6.0,8.0,44
68.0,0.0,0.0,427.0,3.0,47.0,81185.0,3.5127346899662553,7.0,555.0,18.0,0.0,2.0,4.0,35
62.0,0.0,0.0,65.0,11.0,92.0,40728.0,2.82552003121214,1.0,397.0,8.0,0.0,5.0,8.0,71
72.0,0.0,0.0,58.0,3.0,20.0,62290.0,2.869326543323956,1.0,203.0,11.0,0.0,2.0,2.0,51
59.0,0.0,0.0,62.0,4.0,23.0,68257.0,4.9610874966631755,5.0,472.0,11.0,1.0,2.0,5.0,67
1.0,0.0,0.0,30.0,11.0,49.0,56240.0,3.3539360835609218,3.0,453.0,6.0,1.0,6.0,8.0,60
54.0,0.0,0.0,278.0,3.0,234.0,80544.0,2.4586404922756797,5.0,939.0,12.0,0.0,2.0,5.0,38
52.0,0.0,0.0,5.0,6.0,9.0,44534.0,4.917280984551359,0.0,50.0,6.0,1.0,3.0,1.0,65
92.0,0.0,0.0,12.0,14.0,23.0,47987.0,2.88027817135191,0.0,21.0,3.0,0.0,2.0,2.0,52
92.0,0.0,0.0,61.0,11.0,358.0,60919.0,3.419645851728646,8.0,1370.0,14.0,1.0,11.0,11.0,64
15.0,0.0,0.0,6.0,7.0,23.0,52778.0,5.114410289054533,0.0,43.0,5.0,1.0,2.0,1.0,46
20.0,0.0,0.0,386.0,3.0,310.0,99726.0,3.2279923612394503,8.0,550.0,8.0,0.0,2.0,6.0,66
78.0,0.0,0.0,94.0,11.0,74.0,46534.0,3.2444198032813816,3.0,678.0,12.0,1.0,9.0,10.0,67
10.0,1.0,1.0,10.0,10.0,32.0,40455.0,3.24715771028837,1.0,37.0,3.0,0.0,2.0,1.0,49
90.0,0.0,0.0,390.0,7.0,131.0,86082.0,3.0062218936733816,7.0,1370.0,8.0,1.0,11.0,2.0,50
37.0,0.0,0.0,276.0,0.0,58.0,88368.0,4.936446333600279,10.0,968.0,11.0,0.0,2.0,1.0,70
13.0,0.0,0.0,14.0,10.0,7.0,52623.0,3.1266898019808758,0.0,67.0,5.0,1.0,3.0,2.0,56
